pk_selfstrade,pk_corp,bill_code,trade_date,pk_operationcode,pk_operationname,pk_securitiescode,pk_securitiesname,pk_selfsgroup,pk_partner,pk_account,pk_cumando,pk_operatesite,pk_seat,pk_econtract,bargain_num,bargain_sum,commision,handle_fee,stamp_tax,transfer_fee,liquidate_fee,other_fee,fact_sum,operator,operate_date,if_voucher,if_audit,assessor,audit_date,state,ndef1,ndef2,ndef3,ndef4,ndef5,vdef1,vdef2,vdef3,vdef4,vdef5,ts,dr,begin_date,end_date,boursecode
,9001,SH20150202900113816,20150202,40001,股票卖出,600873,梅花生物,,,100271236,,,,,1800,12888,3.22,0,12.89,1.08,0,0,12870.81,,,,,,,,,,,,,100271236,,,,,,,,,101
,9001,SH20150202900113818,20150202,40001,股票卖出,600535,天士力,,,100271236,,,,,600,26166,6.54,0,26.17,1,0,0,26132.29,,,,,,,,,,,,,100271236,,,,,,,,,101
,9001,SH20150202900113821,20150202,40001,股票卖出,601088,中国神华,,,100271236,,,,,3600,67536,16.88,0,67.54,2.16,0,0,67449.42,,,,,,,,,,,,,100271236,,,,,,,,,101
,9001,SH20150202900113825,20150202,40001,股票卖出,600111,北方稀土,,,100271236,,,,,1500,38580,9.65,0,38.58,1,0,0,38530.77,,,,,,,,,,,,,100271236,,,,,,,,,101
,9001,SH20150202900113827,20150202,40001,股票卖出,601899,紫金矿业,,,100271236,,,,,9000,32490,8.12,0,32.49,1,0,0,32448.39,,,,,,,,,,,,,100271236,,,,,,,,,101
,9001,SH20150202900113829,20150202,40001,股票卖出,600398,海澜之家,,,100271236,,,,,900,10503,2.63,0,10.5,1,0,0,10488.87,,,,,,,,,,,,,100271236,,,,,,,,,101
,9001,SH20150202900113830,20150202,40001,股票卖出,601288,农业银行,,,100271236,,,,,29100,98358,24.59,0,98.36,17.46,0,0,98217.59,,,,,,,,,,,,,100271236,,,,,,,,,101
,9001,SH20150202900113831,20150202,40001,股票卖出,600018,上港集团,,,100271236,,,,,5100,32283,8.07,0,32.28,3.06,0,0,32239.59,,,,,,,,,,,,,100271236,,,,,,,,,101
,9001,SH20150202900113680,20150202,40001,股票卖出,600256,广汇能源,,,100271236,,,,,3600,30708,7.68,0,30.71,2.16,0,0,30667.45,,,,,,,,,,,,,100271236,,,,,,,,,101
,9001,SH20150202900113683,20150202,40001,股票卖出,600809,山西汾酒,,,100271236,,,,,300,5991,1.5,0,5.99,1,0,0,5982.51,,,,,,,,,,,,,100271236,,,,,,,,,101
,9001,SH20150202900113684,20150202,40001,股票卖出,601600,中国铝业,,,100271236,,,,,4200,21714,5.43,0,21.71,2.52,0,0,21684.34,,,,,,,,,,,,,100271236,,,,,,,,,101
,9001,SH20150202900113688,20150202,40001,股票卖出,600066,宇通客车,,,100271236,,,,,900,22680,5.67,0,22.68,1,0,0,22650.65,,,,,,,,,,,,,100271236,,,,,,,,,101
,9001,SH20150202900113689,20150202,40001,股票卖出,601668,中国建筑,,,100271236,,,,,16800,94248,23.56,0,94.25,10.08,0,0,94120.11,,,,,,,,,,,,,100271236,,,,,,,,,101
,9001,SH20150202900113690,20150202,40001,股票卖出,601006,大秦铁路,,,100271236,,,,,6600,68508,17.13,0,68.51,3.96,0,0,68418.4,,,,,,,,,,,,,100271236,,,,,,,,,101
,9001,SH20150202900113691,20150202,40001,股票卖出,600221,海南航空,,,100271236,,,,,6600,20724,5.18,0,20.72,3.96,0,0,20694.14,,,,,,,,,,,,,100271236,,,,,,,,,101
,9001,SH20150202900113693,20150202,40001,股票卖出,600143,金发科技,,,100271236,,,,,1800,12024,3.01,0,12.02,1.08,0,0,12007.89,,,,,,,,,,,,,100271236,,,,,,,,,101
,9001,SH20150202900113697,20150202,40001,股票卖出,601168,西部矿业,,,100271236,,,,,2100,17535,4.38,0,17.53,1.26,0,0,17511.83,,,,,,,,,,,,,100271236,,,,,,,,,101
,9001,SH20150202900113701,20150202,40001,股票卖出,601800,中国交建,,,100271236,,,,,2700,30378,7.59,0,30.38,1.62,0,0,30338.41,,,,,,,,,,,,,100271236,,,,,,,,,101
,9001,SH20150202900113703,20150202,40001,股票卖出,600705,中航资本,,,100271236,,,,,1800,37062,9.27,0,37.06,1.08,0,0,37014.59,,,,,,,,,,,,,100271236,,,,,,,,,101
,9001,SH20150202900113704,20150202,40001,股票卖出,600998,九州通,,,100271236,,,,,300,5343,1.34,0,5.34,1,0,0,5335.32,,,,,,,,,,,,,100271236,,,,,,,,,101
,9001,SH20150202900113706,20150202,40001,股票卖出,601818,光大银行,,,100271236,,,,,22200,89688,22.42,0,89.68,13.32,0,0,89562.58,,,,,,,,,,,,,100271236,,,,,,,,,101
,9001,SH20150202900113707,20150202,40001,股票卖出,601929,吉视传媒,,,100271236,,,,,900,10683,2.67,0,10.68,1,0,0,10668.65,,,,,,,,,,,,,100271236,,,,,,,,,101
,9001,SH20150202900113708,20150202,40001,股票卖出,600267,海正药业,,,100271236,,,,,600,10254,2.56,0,10.25,1,0,0,10240.19,,,,,,,,,,,,,100271236,,,,,,,,,101
,9001,SH20150202900113709,20150202,40001,股票卖出,601898,中煤能源,,,100271236,,,,,2100,13033,3.26,0,13.03,1.26,0,0,13015.45,,,,,,,,,,,,,100271236,,,,,,,,,101
,9001,SH20150202900113712,20150202,40001,股票卖出,601377,兴业证券,,,100271236,,,,,4200,50904,12.73,0,50.9,2.52,0,0,50837.85,,,,,,,,,,,,,100271236,,,,,,,,,101
,9001,SH20150202900113713,20150202,40001,股票卖出,603000,人民网,,,100271236,,,,,300,13758,3.44,0,13.76,1,0,0,13739.8,,,,,,,,,,,,,100271236,,,,,,,,,101
,9001,SH20150202900113714,20150202,40001,股票卖出,600783,鲁信创投,,,100271236,,,,,300,8646,2.16,0,8.65,1,0,0,8634.19,,,,,,,,,,,,,100271236,,,,,,,,,101
,9001,SH20150202900113715,20150202,40001,股票卖出,600703,三安光电,,,100271236,,,,,1200,20760,5.19,0,20.76,1,0,0,20733.05,,,,,,,,,,,,,100271236,,,,,,,,,101
,9001,SH20150202900113719,20150202,40001,股票卖出,600016,民生银行,,,100271236,,,,,30300,279366,69.84,0,279.37,18.18,0,0,278998.61,,,,,,,,,,,,,100271236,,,,,,,,,101
,9001,SH20150202900113724,20150202,40001,股票卖出,601111,中国国航,,,100271236,,,,,1800,13356,3.34,0,13.36,1.08,0,0,13338.22,,,,,,,,,,,,,100271236,,,,,,,,,101
,9001,SH20150202900113725,20150202,40001,股票卖出,600023,浙能电力,,,100271236,,,,,900,5976,1.49,0,5.98,1,0,0,5967.53,,,,,,,,,,,,,100271236,,,,,,,,,101
,9001,SH20150202900113727,20150202,40001,股票卖出,600019,宝钢股份,,,100271236,,,,,5400,31266,7.82,0,31.27,3.24,0,0,31223.67,,,,,,,,,,,,,100271236,,,,,,,,,101
,9001,SH20150202900113730,20150202,40001,股票卖出,601633,长城汽车,,,100271236,,,,,600,26940,6.74,0,26.94,1,0,0,26905.32,,,,,,,,,,,,,100271236,,,,,,,,,101
,9001,SH20150202900113733,20150202,40001,股票卖出,600893,中航动力,,,100271236,,,,,600,18912,4.73,0,18.91,1,0,0,18887.36,,,,,,,,,,,,,100271236,,,,,,,,,101
,9001,SH20150202900113735,20150202,40001,股票卖出,600880,博瑞传播,,,100271236,,,,,600,7104,1.78,0,7.11,1,0,0,7094.11,,,,,,,,,,,,,100271236,,,,,,,,,101
,9001,SH20150202900113738,20150202,40001,股票卖出,600000,浦发银行,,,100271236,,,,,12600,178164,44.54,0,178.16,7.56,0,0,177933.74,,,,,,,,,,,,,100271236,,,,,,,,,101
,9001,SH20150202900113739,20150202,40001,股票卖出,600741,华域汽车,,,100271236,,,,,1200,20436,5.11,0,20.44,1,0,0,20409.45,,,,,,,,,,,,,100271236,,,,,,,,,101
,9001,SH20150202900113740,20150202,40001,股票卖出,601018,宁波港,,,100271236,,,,,4200,18438,4.61,0,18.44,2.52,0,0,18412.43,,,,,,,,,,,,,100271236,,,,,,,,,101
,9001,SH20150202900113741,20150202,40001,股票卖出,601118,海南橡胶,,,100271236,,,,,1200,10944,2.74,0,10.94,1,0,0,10929.32,,,,,,,,,,,,,100271236,,,,,,,,,101
,9001,SH20150202900113744,20150202,40001,股票卖出,600588,用友网络,,,100271236,,,,,600,21498,5.37,0,21.5,1,0,0,21470.13,,,,,,,,,,,,,100271236,,,,,,,,,101
,9001,SH20150202900113746,20150202,40001,股票卖出,600340,华夏幸福,,,100271236,,,,,600,28080,7.02,0,28.08,1,0,0,28043.9,,,,,,,,,,,,,100271236,,,,,,,,,101
,9001,SH20150202900113747,20150202,40001,股票卖出,601186,中国铁建,,,100271236,,,,,3600,43344,10.84,0,43.34,2.16,0,0,43287.66,,,,,,,,,,,,,100271236,,,,,,,,,101
,9001,SH20150202900113753,20150202,40001,股票卖出,600352,浙江龙盛,,,100271236,,,,,1500,36465,9.12,0,36.47,1,0,0,36418.41,,,,,,,,,,,,,100271236,,,,,,,,,101
,9001,SH20150202900113756,20150202,40001,股票卖出,600570,恒生电子,,,100271236,,,,,600,36360,9.09,0,36.36,1,0,0,36313.55,,,,,,,,,,,,,100271236,,,,,,,,,101
,9001,SH20150202900113757,20150202,40001,股票卖出,601601,中国太保,,,100271236,,,,,3600,115956,28.99,0,115.95,2.16,0,0,115808.9,,,,,,,,,,,,,100271236,,,,,,,,,101
,9001,SH20150202900113760,20150202,40001,股票卖出,601398,工商银行,,,100271236,,,,,19500,86580,21.65,0,86.58,11.7,0,0,86460.07,,,,,,,,,,,,,100271236,,,,,,,,,101
,9001,SH20150202900113765,20150202,40001,股票卖出,600383,金地集团,,,100271236,,,,,5100,49062,12.27,0,49.06,3.06,0,0,48997.61,,,,,,,,,,,,,100271236,,,,,,,,,101
,9001,SH20150202900113768,20150202,40001,股票卖出,601857,中国石油,,,100271236,,,,,4500,51165,12.79,0,51.17,2.7,0,0,51098.34,,,,,,,,,,,,,100271236,,,,,,,,,101
,9001,SH20150202900113770,20150202,40001,股票卖出,601727,上海电气,,,100271236,,,,,2100,22113,5.53,0,22.11,1.26,0,0,22084.1,,,,,,,,,,,,,100271236,,,,,,,,,101
,9001,SH20150202900113771,20150202,40001,股票卖出,600886,国投电力,,,100271236,,,,,3900,37986,9.5,0,37.99,2.34,0,0,37936.17,,,,,,,,,,,,,100271236,,,,,,,,,101
,9001,SH20150202900113772,20150202,40001,股票卖出,600030,中信证券,,,100271236,,,,,8700,236814,59.2,0,236.81,5.22,0,0,236512.77,,,,,,,,,,,,,100271236,,,,,,,,,101
,9001,SH20150202900113777,20150202,40001,股票卖出,601216,内蒙君正,,,100271236,,,,,600,7634,1.91,0,7.63,1,0,0,7623.46,,,,,,,,,,,,,100271236,,,,,,,,,101
,9001,SH20150202900113779,20150202,40001,股票卖出,600115,东方航空,,,100271236,,,,,3000,15360,3.84,0,15.36,1.8,0,0,15339,,,,,,,,,,,,,100271236,,,,,,,,,101
,9001,SH20150202900113781,20150202,40001,股票卖出,601939,建设银行,,,100271236,,,,,10800,61776,15.44,0,61.77,6.48,0,0,61692.31,,,,,,,,,,,,,100271236,,,,,,,,,101
,9001,SH20150202900113782,20150202,40001,股票卖出,600079,人福医药,,,100271236,,,,,600,17400,4.35,0,17.4,1,0,0,17377.25,,,,,,,,,,,,,100271236,,,,,,,,,101
,9001,SH20150202900113783,20150202,40001,股票卖出,600060,海信电器,,,100271236,,,,,900,13167,3.29,0,13.17,1,0,0,13149.54,,,,,,,,,,,,,100271236,,,,,,,,,101
,9001,SH20150202900113784,20150202,40001,股票卖出,601888,中国国旅,,,100271236,,,,,300,14055,3.51,0,14.06,1,0,0,14036.43,,,,,,,,,,,,,100271236,,,,,,,,,101
,9001,SH20150202900113785,20150202,40001,股票卖出,601766,中国南车,,,100271236,,,,,5400,62640,15.66,0,62.64,3.24,0,0,62558.46,,,,,,,,,,,,,100271236,,,,,,,,,101
,9001,SH20150202900113786,20150202,40001,股票卖出,600518,康美药业,,,100271236,,,,,1800,30186,7.55,0,30.19,1.08,0,0,30147.18,,,,,,,,,,,,,100271236,,,,,,,,,101
,9001,SH20150202900113787,20150202,40001,股票卖出,600373,中文传媒,,,100271236,,,,,600,8646,2.16,0,8.65,1,0,0,8634.19,,,,,,,,,,,,,100271236,,,,,,,,,101
,9001,SH20150202900113788,20150202,40001,股票卖出,600010,包钢股份,,,100271236,,,,,9000,48690,12.17,0,48.69,5.4,0,0,48623.74,,,,,,,,,,,,,100271236,,,,,,,,,101
,9001,SH20150202900113794,20150202,40001,股票卖出,600108,亚盛集团,,,100271236,,,,,1800,18216,4.55,0,18.22,1.08,0,0,18192.15,,,,,,,,,,,,,100271236,,,,,,,,,101
,9001,SH20150202900113797,20150202,40001,股票卖出,600875,东方电气,,,100271236,,,,,600,12282,3.07,0,12.28,1,0,0,12265.65,,,,,,,,,,,,,100271236,,,,,,,,,101
,9001,SH20150202900113801,20150202,40001,股票卖出,600804,鹏博士,,,100271236,,,,,1200,27876,6.97,0,27.88,1,0,0,27840.15,,,,,,,,,,,,,100271236,,,,,,,,,101
,9001,SH20150202900113802,20150202,40001,股票卖出,601989,中国重工,,,100271236,,,,,8100,70389,17.6,0,70.39,4.86,0,0,70296.15,,,,,,,,,,,,,100271236,,,,,,,,,101
,9001,SH20150202900113803,20150202,40001,股票卖出,600642,申能股份,,,100271236,,,,,2700,18468,4.62,0,18.47,1.62,0,0,18443.29,,,,,,,,,,,,,100271236,,,,,,,,,101
,9001,SH20150202900113806,20150202,40001,股票卖出,600660,福耀玻璃,,,100271236,,,,,1500,19815,4.95,0,19.82,1,0,0,19789.23,,,,,,,,,,,,,100271236,,,,,,,,,101
,9001,SH20150202900113807,20150202,40001,股票卖出,601958,金钼股份,,,100271236,,,,,1200,11436,2.86,0,11.44,1,0,0,11420.7,,,,,,,,,,,,,100271236,,,,,,,,,101
,9001,SH20150202900113811,20150202,40001,股票卖出,601866,中海集运,,,100271236,,,,,3600,15552,3.89,0,15.55,2.16,0,0,15530.4,,,,,,,,,,,,,100271236,,,,,,,,,101
,9001,SH20150202900113812,20150202,40001,股票卖出,600549,厦门钨业,,,100271236,,,,,300,9726,2.43,0,9.73,1,0,0,9712.84,,,,,,,,,,,,,100271236,,,,,,,,,101
,9001,SH20150202900113814,20150202,40001,股票卖出,601998,中信银行,,,100271236,,,,,3300,22275,5.57,0,22.28,1.98,0,0,22245.17,,,,,,,,,,,,,100271236,,,,,,,,,101
,9001,SH20150202900113815,20150202,40001,股票卖出,600277,亿利能源,,,100271236,,,,,900,7596,1.9,0,7.6,1,0,0,7585.5,,,,,,,,,,,,,100271236,,,,,,,,,101
,9001,SH20150202900113600,20150202,40001,股票卖出,601333,广深铁路,,,100271236,,,,,3900,17160,4.29,0,17.16,2.34,0,0,17136.21,,,,,,,,,,,,,100271236,,,,,,,,,101
,9001,SH20150202900113800,20150202,40001,股票卖出,601098,中南传媒,,,100271236,,,,,900,15129,3.78,0,15.13,1,0,0,15109.09,,,,,,,,,,,,,100271236,,,,,,,,,101
,9001,SH20150202900113546,20150202,40001,股票卖出,601628,中国人寿,,,100271236,,,,,1800,62100,15.53,0,62.11,1.08,0,0,62021.28,,,,,,,,,,,,,100271236,,,,,,,,,101
,9001,SH20150202900113548,20150202,40001,股票卖出,600718,东软集团,,,100271236,,,,,900,17001,4.25,0,17,1,0,0,16978.75,,,,,,,,,,,,,100271236,,,,,,,,,101
,9001,SH20150202900113550,20150202,40001,股票卖出,603993,洛阳钼业,,,100271236,,,,,300,3363,0.84,0,3.36,1,0,0,3357.8,,,,,,,,,,,,,100271236,,,,,,,,,101
,9001,SH20150202900113551,20150202,40001,股票卖出,600316,洪都航空,,,100271236,,,,,600,18006,4.5,0,18.01,1,0,0,17982.49,,,,,,,,,,,,,100271236,,,,,,,,,101
,9001,SH20150202900113555,20150202,40001,股票卖出,600028,中国石化,,,100271236,,,,,6300,37359,9.34,0,37.36,3.78,0,0,37308.52,,,,,,,,,,,,,100271236,,,,,,,,,101
,9001,SH20150202900113557,20150202,40001,股票卖出,600395,盘江股份,,,100271236,,,,,600,6666,1.67,0,6.66,1,0,0,6656.67,,,,,,,,,,,,,100271236,,,,,,,,,101
,9001,SH20150202900113558,20150202,40001,股票卖出,601988,中国银行,,,100271236,,,,,7500,31650,7.91,0,31.65,4.5,0,0,31605.94,,,,,,,,,,,,,100271236,,,,,,,,,101
,9001,SH20150202900113559,20150202,40001,股票卖出,601009,南京银行,,,100271236,,,,,2100,26502,6.63,0,26.5,1.26,0,0,26467.61,,,,,,,,,,,,,100271236,,,,,,,,,101
,9001,SH20150202900113564,20150202,40001,股票卖出,601933,永辉超市,,,100271236,,,,,2100,18186,4.55,0,18.19,1.26,0,0,18162,,,,,,,,,,,,,100271236,,,,,,,,,101
,9001,SH20150202900113566,20150202,40001,股票卖出,603288,海天味业,,,100271236,,,,,300,13404,3.35,0,13.4,1,0,0,13386.25,,,,,,,,,,,,,100271236,,,,,,,,,101
,9001,SH20150202900113567,20150202,40001,股票卖出,600252,中恒集团,,,100271236,,,,,900,14634,3.66,0,14.63,1,0,0,14614.71,,,,,,,,,,,,,100271236,,,,,,,,,101
,9001,SH20150202900113572,20150202,40001,股票卖出,601179,中国西电,,,100271236,,,,,2400,16248,4.06,0,16.25,1.44,0,0,16226.25,,,,,,,,,,,,,100271236,,,,,,,,,101
,9001,SH20150202900113573,20150202,40001,股票卖出,600166,福田汽车,,,100271236,,,,,1800,10872,2.72,0,10.87,1.08,0,0,10857.33,,,,,,,,,,,,,100271236,,,,,,,,,101
,9001,SH20150202900113575,20150202,40001,股票卖出,600585,海螺水泥,,,100271236,,,,,2100,41118,10.28,0,41.12,1.26,0,0,41065.34,,,,,,,,,,,,,100271236,,,,,,,,,101
,9001,SH20150202900113578,20150202,40001,股票卖出,600177,雅戈尔,,,100271236,,,,,1800,21816,5.45,0,21.82,1.08,0,0,21787.65,,,,,,,,,,,,,100271236,,,,,,,,,101
,9001,SH20150202900113580,20150202,40001,股票卖出,601992,金隅股份,,,100271236,,,,,1200,11568,2.89,0,11.57,1,0,0,11552.54,,,,,,,,,,,,,100271236,,,,,,,,,101
,9001,SH20150202900113581,20150202,40001,股票卖出,600415,小商品城,,,100271236,,,,,1500,19650,4.91,0,19.65,1,0,0,19624.44,,,,,,,,,,,,,100271236,,,,,,,,,101
,9001,SH20150202900113583,20150202,40001,股票卖出,600036,招商银行,,,100271236,,,,,18600,263190,65.8,0,263.22,11.16,0,0,262849.82,,,,,,,,,,,,,100271236,,,,,,,,,101
,9001,SH20150202900113586,20150202,40001,股票卖出,600315,上海家化,,,100271236,,,,,600,22650,5.66,0,22.65,1,0,0,22620.69,,,,,,,,,,,,,100271236,,,,,,,,,101
,9001,SH20150202900113590,20150202,40001,股票卖出,603699,纽威股份,,,100271236,,,,,300,5925,1.48,0,5.93,1,0,0,5916.59,,,,,,,,,,,,,100271236,,,,,,,,,101
,9001,SH20150202900113591,20150202,40001,股票卖出,600739,辽宁成大,,,100271236,,,,,1500,32400,8.1,0,32.4,1,0,0,32358.5,,,,,,,,,,,,,100271236,,,,,,,,,101
,9001,SH20150202900113597,20150202,40001,股票卖出,601169,北京银行,,,100271236,,,,,7200,72936,18.23,0,72.94,4.32,0,0,72840.51,,,,,,,,,,,,,100271236,,,,,,,,,101
,9001,SH20150202900113598,20150202,40001,股票卖出,600332,白云山,,,100271236,,,,,600,17790,4.45,0,17.79,1,0,0,17766.76,,,,,,,,,,,,,100271236,,,,,,,,,101
,9001,SH20150202900113599,20150202,40001,股票卖出,600600,青岛啤酒,,,100271236,,,,,300,12312,3.08,0,12.31,1,0,0,12295.61,,,,,,,,,,,,,100271236,,,,,,,,,101
,9001,SH20150202900113605,20150202,40001,股票卖出,600839,四川长虹,,,100271236,,,,,4200,23478,5.87,0,23.47,2.52,0,0,23446.14,,,,,,,,,,,,,100271236,,,,,,,,,101
,9001,SH20150202900113609,20150202,40001,股票卖出,600436,片仔癀,,,100271236,,,,,300,30633,7.66,0,30.63,1,0,0,30593.71,,,,,,,,,,,,,100271236,,,,,,,,,101
,9001,SH20150202900113612,20150202,40001,股票卖出,600900,长江电力,,,100271236,,,,,5700,57114,14.28,0,57.11,3.42,0,0,57039.19,,,,,,,,,,,,,100271236,,,,,,,,,101
,9001,SH20150202900113613,20150202,40001,股票卖出,601669,中国电建,,,100271236,,,,,3300,21813,5.45,0,21.81,1.98,0,0,21783.76,,,,,,,,,,,,,100271236,,,,,,,,,101
,9001,SH20150202900113614,20150202,40001,股票卖出,600009,上海机场,,,100271236,,,,,1200,24252,6.06,0,24.25,1,0,0,24220.69,,,,,,,,,,,,,100271236,,,,,,,,,101
,9001,SH20150202900113615,20150202,40001,股票卖出,600688,上海石化,,,100271236,,,,,2400,9696,2.42,0,9.7,1.44,0,0,9682.44,,,,,,,,,,,,,100271236,,,,,,,,,101
,9001,SH20150202900113616,20150202,40001,股票卖出,600867,通化东宝,,,100271236,,,,,900,15255,3.81,0,15.26,1,0,0,15234.93,,,,,,,,,,,,,100271236,,,,,,,,,101
,9001,SH20150202900113617,20150202,40001,股票卖出,601928,凤凰传媒,,,100271236,,,,,900,10368,2.59,0,10.37,1,0,0,10354.04,,,,,,,,,,,,,100271236,,,,,,,,,101
,9001,SH20150202900113619,20150202,40001,股票卖出,600637,百视通,,,100271236,,,,,900,35595,8.9,0,35.6,1,0,0,35549.5,,,,,,,,,,,,,100271236,,,,,,,,,101
,9001,SH20150202900113621,20150202,40001,股票卖出,600027,华电国际,,,100271236,,,,,2400,14145.83,3.54,0,14.14,1.44,0,0,14126.71,,,,,,,,,,,,,100271236,,,,,,,,,101
,9001,SH20150202900113626,20150202,40001,股票卖出,600597,光明乳业,,,100271236,,,,,600,10902,2.73,0,10.9,1,0,0,10887.37,,,,,,,,,,,,,100271236,,,,,,,,,101
,9001,SH20150202900113632,20150202,40001,股票卖出,600208,新湖中宝,,,100271236,,,,,2700,20250,5.06,0,20.25,1.62,0,0,20223.07,,,,,,,,,,,,,100271236,,,,,,,,,101
,9001,SH20150202900113633,20150202,40001,股票卖出,601117,中国化学,,,100271236,,,,,2100,16716,4.18,0,16.72,1.26,0,0,16693.84,,,,,,,,,,,,,100271236,,,,,,,,,101
,9001,SH20150202900113634,20150202,40001,股票卖出,600547,山东黄金,,,100271236,,,,,900,23877,5.97,0,23.88,1,0,0,23846.15,,,,,,,,,,,,,100271236,,,,,,,,,101
,9001,SH20150202900113636,20150202,40001,股票卖出,600153,建发股份,,,100271236,,,,,1800,16812,4.2,0,16.81,1.08,0,0,16789.91,,,,,,,,,,,,,100271236,,,,,,,,,101
,9001,SH20150202900113637,20150202,40001,股票卖出,601328,交通银行,,,100271236,,,,,17700,107085,26.77,0,107.09,10.62,0,0,106940.52,,,,,,,,,,,,,100271236,,,,,,,,,101
,9001,SH20150202900113639,20150202,40001,股票卖出,600015,华夏银行,,,100271236,,,,,5100,60690,15.17,0,60.69,3.06,0,0,60611.08,,,,,,,,,,,,,100271236,,,,,,,,,101
,9001,SH20150202900113640,20150202,40001,股票卖出,600157,永泰能源,,,100271236,,,,,2400,10368,2.59,0,10.37,1.44,0,0,10353.6,,,,,,,,,,,,,100271236,,,,,,,,,101
,9001,SH20150202900113641,20150202,40001,股票卖出,600795,国电电力,,,100271236,,,,,10500,40635,10.16,0,40.63,6.3,0,0,40577.91,,,,,,,,,,,,,100271236,,,,,,,,,101
,9001,SH20150202900113642,20150202,40001,股票卖出,600583,海油工程,,,100271236,,,,,2100,20181,5.05,0,20.18,1.26,0,0,20154.51,,,,,,,,,,,,,100271236,,,,,,,,,101
,9001,SH20150202900113643,20150202,40001,股票卖出,600827,百联股份,,,100271236,,,,,900,15210,3.8,0,15.21,1,0,0,15189.99,,,,,,,,,,,,,100271236,,,,,,,,,101
,9001,SH20150202900113645,20150202,40001,股票卖出,600837,海通证券,,,100271236,,,,,9000,176400,44.1,0,176.4,5.4,0,0,176174.1,,,,,,,,,,,,,100271236,,,,,,,,,101
,9001,SH20150202900113646,20150202,40001,股票卖出,601901,方正证券,,,100271236,,,,,4500,53055,13.26,0,53.07,2.7,0,0,52985.97,,,,,,,,,,,,,100271236,,,,,,,,,101
,9001,SH20150202900113650,20150202,40001,股票卖出,600655,豫园商城,,,100271236,,,,,1200,16272,4.07,0,16.27,1,0,0,16250.66,,,,,,,,,,,,,100271236,,,,,,,,,101
,9001,SH20150202900113651,20150202,40001,股票卖出,601166,兴业银行,,,100271236,,,,,12900,182277,45.57,0,182.28,7.74,0,0,182041.41,,,,,,,,,,,,,100271236,,,,,,,,,101
,9001,SH20150202900113652,20150202,40001,股票卖出,600406,国电南瑞,,,100271236,,,,,1500,23475,5.87,0,23.47,1,0,0,23444.66,,,,,,,,,,,,,100271236,,,,,,,,,101
,9001,SH20150202900113653,20150202,40001,股票卖出,600050,中国联通,,,100271236,,,,,9600,42912,10.73,0,42.91,5.76,0,0,42852.6,,,,,,,,,,,,,100271236,,,,,,,,,101
,9001,SH20150202900113654,20150202,40001,股票卖出,600663,陆家嘴,,,100271236,,,,,600,20910,5.23,0,20.91,1,0,0,20882.86,,,,,,,,,,,,,100271236,,,,,,,,,101
,9001,SH20150202900113655,20150202,40001,股票卖出,600497,驰宏锌锗,,,100271236,,,,,1200,13500,3.38,0,13.5,1,0,0,13482.12,,,,,,,,,,,,,100271236,,,,,,,,,101
,9001,SH20150202900113658,20150202,40001,股票卖出,600118,中国卫星,,,100271236,,,,,600,17700,4.43,0,17.7,1,0,0,17676.87,,,,,,,,,,,,,100271236,,,,,,,,,101
,9001,SH20150202900113659,20150202,40001,股票卖出,601158,重庆水务,,,100271236,,,,,1200,9747,2.44,0,9.75,1,0,0,9733.81,,,,,,,,,,,,,100271236,,,,,,,,,101
,9001,SH20150202900113661,20150202,40001,股票卖出,600648,外高桥,,,100271236,,,,,300,9300,2.33,0,9.3,1,0,0,9287.37,,,,,,,,,,,,,100271236,,,,,,,,,101
,9001,SH20150202900113668,20150202,40001,股票卖出,600674,川投能源,,,100271236,,,,,1200,23880,5.97,0,23.88,1,0,0,23849.15,,,,,,,,,,,,,100271236,,,,,,,,,101
,9001,SH20150202900113672,20150202,40001,股票卖出,601299,中国北车,,,100271236,,,,,4500,54045,13.51,0,54.05,2.7,0,0,53974.74,,,,,,,,,,,,,100271236,,,,,,,,,101
,9001,SH20150202900113673,20150202,40001,股票卖出,601258,庞大集团,,,100271236,,,,,1500,9330,2.33,0,9.33,1,0,0,9317.34,,,,,,,,,,,,,100271236,,,,,,,,,101
,9001,SH20150202900113676,20150202,40001,股票卖出,600089,特变电工,,,100271236,,,,,3000,35930,8.98,0,35.93,1.8,0,0,35883.29,,,,,,,,,,,,,100271236,,,,,,,,,101
,9001,SH20150202900113677,20150202,40001,股票卖出,600863,内蒙华电,,,100271236,,,,,3300,13497,3.37,0,13.5,1.98,0,0,13478.15,,,,,,,,,,,,,100271236,,,,,,,,,101
,9001,SH20150202900113678,20150202,40001,股票卖出,601225,陕西煤业,,,100271236,,,,,600,3582,0.9,0,3.58,1,0,0,3576.52,,,,,,,,,,,,,100271236,,,,,,,,,101
,9001,SH20150202900113601,20150202,40001,股票卖出,600048,保利地产,,,100271236,,,,,7200,75240,18.81,0,75.25,4.32,0,0,75141.62,,,,,,,,,,,,,100271236,,,,,,,,,101
,9001,SH20150202900113628,20150202,40001,股票卖出,601555,东吴证券,,,100271236,,,,,1500,25815,6.45,0,25.82,1,0,0,25781.73,,,,,,,,,,,,,100271236,,,,,,,,,101
,9001,SH20150202900113631,20150202,40001,股票卖出,600104,上汽集团,,,100271236,,,,,3600,79596,19.9,0,79.6,2.16,0,0,79494.34,,,,,,,,,,,,,100271236,,,,,,,,,101
,9001,SH20150202900113563,20150202,40001,股票卖出,600196,复星医药,,,100271236,,,,,1200,27240,6.81,0,27.24,1,0,0,27204.95,,,,,,,,,,,,,100271236,,,,,,,,,101
,9001,SH20150202900113574,20150202,40001,股票卖出,600188,兖州煤业,,,100271236,,,,,600,8010,2,0,8.01,1,0,0,7998.99,,,,,,,,,,,,,100271236,,,,,,,,,101
,9001,SH20150202900113647,20150202,40001,股票卖出,601231,环旭电子,,,100271236,,,,,300,10260,2.57,0,10.26,1,0,0,10246.17,,,,,,,,,,,,,100271236,,,,,,,,,101
,9001,SH20150202900113665,20150202,40001,股票卖出,600058,五矿发展,,,100271236,,,,,600,8988,2.25,0,8.99,1,0,0,8975.76,,,,,,,,,,,,,100271236,,,,,,,,,101
,9001,SH20150202900113681,20150202,40001,股票卖出,601699,潞安环能,,,100271236,,,,,900,9324,2.33,0,9.32,1,0,0,9311.35,,,,,,,,,,,,,100271236,,,,,,,,,101
,9001,SH20150202900113705,20150202,40001,股票卖出,601607,上海医药,,,100271236,,,,,1200,19932,4.98,0,19.93,1,0,0,19906.09,,,,,,,,,,,,,100271236,,,,,,,,,101
,9001,SH20150202900113764,20150202,40001,股票卖出,600008,首创股份,,,100271236,,,,,1200,13560,3.39,0,13.56,1,0,0,13542.05,,,,,,,,,,,,,100271236,,,,,,,,,101
,9001,SH20150202900113582,20150202,40001,股票卖出,600011,华能国际,,,100271236,,,,,4800,38400,9.6,0,38.4,2.88,0,0,38349.12,,,,,,,,,,,,,100271236,,,,,,,,,101
,9001,SH20150202900113622,20150202,40001,股票卖出,601808,中海油服,,,100271236,,,,,600,11394,2.85,0,11.39,1,0,0,11378.76,,,,,,,,,,,,,100271236,,,,,,,,,101
,9001,SH20150202900113686,20150202,40001,股票卖出,600068,葛洲坝,,,100271236,,,,,2700,22518,5.63,0,22.51,1.62,0,0,22488.24,,,,,,,,,,,,,100271236,,,,,,,,,101
,9001,SH20150202900113751,20150202,40001,股票卖出,600633,浙报传媒,,,100271236,,,,,600,11514,2.88,0,11.52,1,0,0,11498.6,,,,,,,,,,,,,100271236,,,,,,,,,101
,9001,SH20150202900113752,20150202,40001,股票卖出,600369,西南证券,,,100271236,,,,,1200,21276,5.32,0,21.28,1,0,0,21248.4,,,,,,,,,,,,,100271236,,,,,,,,,101
,9001,SH20150202900113602,20150202,40001,股票卖出,600276,恒瑞医药,,,100271236,,,,,900,37422,9.36,0,37.43,1,0,0,37374.21,,,,,,,,,,,,,100271236,,,,,,,,,101
,9001,SH20150202900113663,20150202,40001,股票卖出,600271,航天信息,,,100271236,,,,,600,22404,5.6,0,22.4,1,0,0,22375,,,,,,,,,,,,,100271236,,,,,,,,,101
,9001,SH20150202900113745,20150202,40001,股票卖出,600690,青岛海尔,,,100271236,,,,,1600,31872,7.97,0,31.86,1,0,0,31831.17,,,,,,,,,,,,,100271236,,,,,,,,,101
,9001,SH20150202900113593,20150202,40001,股票卖出,601618,中国中冶,,,100271236,,,,,5400,21384,5.35,0,21.39,3.24,0,0,21354.02,,,,,,,,,,,,,100271236,,,,,,,,,101
,9001,SH20150202900113638,20150202,40001,股票卖出,600170,上海建工,,,100271236,,,,,1500,14310,3.58,0,14.31,1,0,0,14291.11,,,,,,,,,,,,,100271236,,,,,,,,,101
,9001,SH20150202900113795,20150202,40001,股票卖出,600029,南方航空,,,100271236,,,,,3900,18993,4.75,0,19,2.34,0,0,18966.91,,,,,,,,,,,,,100271236,,,,,,,,,101
,9001,SH20150202900114085,20150202,40001,股票卖出,600597,光明乳业,,,100271236,,,,,600,10896,2.72,0,10.9,1,0,0,10881.38,,,,,,,,,,,,,100271236,,,,,,,,,101
,9001,SH20150202900114088,20150202,40001,股票卖出,601600,中国铝业,,,100271236,,,,,4200,21714,5.43,0,21.71,2.52,0,0,21684.34,,,,,,,,,,,,,100271236,,,,,,,,,101
,9001,SH20150202900114095,20150202,40001,股票卖出,600369,西南证券,,,100271236,,,,,1200,21312,5.33,0,21.31,1,0,0,21284.36,,,,,,,,,,,,,100271236,,,,,,,,,101
,9001,SH20150202900114097,20150202,40001,股票卖出,600588,用友网络,,,100271236,,,,,600,21498,5.37,0,21.5,1,0,0,21470.13,,,,,,,,,,,,,100271236,,,,,,,,,101
,9001,SH20150202900114099,20150202,40001,股票卖出,601088,中国神华,,,100271236,,,,,3600,67536,16.88,0,67.54,2.16,0,0,67449.42,,,,,,,,,,,,,100271236,,,,,,,,,101
,9001,SH20150202900114104,20150202,40001,股票卖出,600498,烽火通信,,,100271236,,,,,600,10500,2.63,0,10.5,1,0,0,10485.87,,,,,,,,,,,,,100271236,,,,,,,,,101
,9001,SH20150202900114111,20150202,40001,股票卖出,600900,长江电力,,,100271236,,,,,5700,57114,14.28,0,57.11,3.42,0,0,57039.19,,,,,,,,,,,,,100271236,,,,,,,,,101
,9001,SH20150202900114112,20150202,40001,股票卖出,600886,国投电力,,,100271236,,,,,3900,37986,9.5,0,37.98,2.34,0,0,37936.18,,,,,,,,,,,,,100271236,,,,,,,,,101
,9001,SH20150202900114113,20150202,40001,股票卖出,601186,中国铁建,,,100271236,,,,,3600,43350,10.84,0,43.35,2.16,0,0,43293.65,,,,,,,,,,,,,100271236,,,,,,,,,101
,9001,SH20150202900114117,20150202,40001,股票卖出,600663,陆家嘴,,,100271236,,,,,600,20910,5.23,0,20.91,1,0,0,20882.86,,,,,,,,,,,,,100271236,,,,,,,,,101
,9001,SH20150202900114123,20150202,40001,股票卖出,600406,国电南瑞,,,100271236,,,,,1500,23460,5.87,0,23.46,1,0,0,23429.67,,,,,,,,,,,,,100271236,,,,,,,,,101
,9001,SH20150202900114127,20150202,40001,股票卖出,601800,中国交建,,,100271236,,,,,2700,30375,7.59,0,30.37,1.62,0,0,30335.42,,,,,,,,,,,,,100271236,,,,,,,,,101
,9001,SH20150202900114130,20150202,40001,股票卖出,600309,万华化学,,,100271236,,,,,1200,25560,6.39,0,25.56,1,0,0,25527.05,,,,,,,,,,,,,100271236,,,,,,,,,101
,9001,SH20150202900113846,20150202,40001,股票卖出,601998,中信银行,,,100271236,,,,,3300,22242,5.56,0,22.24,1.98,0,0,22212.22,,,,,,,,,,,,,100271236,,,,,,,,,101
,9001,SH20150202900113851,20150202,40001,股票卖出,601866,中海集运,,,100271236,,,,,3600,15552,3.89,0,15.55,2.16,0,0,15530.4,,,,,,,,,,,,,100271236,,,,,,,,,101
,9001,SH20150202900113854,20150202,40001,股票卖出,600221,海南航空,,,100271236,,,,,6600,20724,5.18,0,20.72,3.96,0,0,20694.14,,,,,,,,,,,,,100271236,,,,,,,,,101
,9001,SH20150202900113856,20150202,40001,股票卖出,600875,东方电气,,,100271236,,,,,600,12282,3.07,0,12.28,1,0,0,12265.65,,,,,,,,,,,,,100271236,,,,,,,,,101
,9001,SH20150202900113857,20150202,40001,股票卖出,600600,青岛啤酒,,,100271236,,,,,300,12312,3.08,0,12.31,1,0,0,12295.61,,,,,,,,,,,,,100271236,,,,,,,,,101
,9001,SH20150202900113859,20150202,40001,股票卖出,600027,华电国际,,,100271236,,,,,2400,14136,3.53,0,14.14,1.44,0,0,14116.89,,,,,,,,,,,,,100271236,,,,,,,,,101
,9001,SH20150202900113860,20150202,40001,股票卖出,600085,同仁堂,,,100271236,,,,,600,13350,3.34,0,13.35,1,0,0,13332.31,,,,,,,,,,,,,100271236,,,,,,,,,101
,9001,SH20150202900113861,20150202,40001,股票卖出,601727,上海电气,,,100271236,,,,,2100,22113,5.53,0,22.11,1.26,0,0,22084.1,,,,,,,,,,,,,100271236,,,,,,,,,101
,9001,SH20150202900113862,20150202,40001,股票卖出,601398,工商银行,,,100271236,,,,,19500,86580,21.65,0,86.58,11.7,0,0,86460.07,,,,,,,,,,,,,100271236,,,,,,,,,101
,9001,SH20150202900113865,20150202,40001,股票卖出,601988,中国银行,,,100271236,,,,,7500,31650,7.91,0,31.65,4.5,0,0,31605.94,,,,,,,,,,,,,100271236,,,,,,,,,101
,9001,SH20150202900113869,20150202,40001,股票卖出,601555,东吴证券,,,100271236,,,,,1500,25800,6.45,0,25.8,1,0,0,25766.75,,,,,,,,,,,,,100271236,,,,,,,,,101
,9001,SH20150202900113870,20150202,40001,股票卖出,600029,南方航空,,,100271236,,,,,3900,18954,4.74,0,18.95,2.34,0,0,18927.97,,,,,,,,,,,,,100271236,,,,,,,,,101
,9001,SH20150202900113872,20150202,40001,股票卖出,601898,中煤能源,,,100271236,,,,,2100,13020,3.26,0,13.02,1.26,0,0,13002.46,,,,,,,,,,,,,100271236,,,,,,,,,101
,9001,SH20150202900113875,20150202,40001,股票卖出,600157,永泰能源,,,100271236,,,,,2400,10368,2.59,0,10.37,1.44,0,0,10353.6,,,,,,,,,,,,,100271236,,,,,,,,,101
,9001,SH20150202900113876,20150202,40001,股票卖出,600688,上海石化,,,100271236,,,,,2400,9696,2.42,0,9.7,1.44,0,0,9682.44,,,,,,,,,,,,,100271236,,,,,,,,,101
,9001,SH20150202900113877,20150202,40001,股票卖出,601168,西部矿业,,,100271236,,,,,2100,17514,4.38,0,17.51,1.26,0,0,17490.85,,,,,,,,,,,,,100271236,,,,,,,,,101
,9001,SH20150202900113880,20150202,40001,股票卖出,600718,东软集团,,,100271236,,,,,900,17001,4.25,0,17,1,0,0,16978.75,,,,,,,,,,,,,100271236,,,,,,,,,101
,9001,SH20150202900113881,20150202,40001,股票卖出,600873,梅花生物,,,100271236,,,,,1800,12888,3.22,0,12.89,1.08,0,0,12870.81,,,,,,,,,,,,,100271236,,,,,,,,,101
,9001,SH20150202900113885,20150202,40001,股票卖出,600023,浙能电力,,,100271236,,,,,900,5976,1.49,0,5.97,1,0,0,5967.54,,,,,,,,,,,,,100271236,,,,,,,,,101
,9001,SH20150202900113888,20150202,40001,股票卖出,600028,中国石化,,,100271236,,,,,6300,37359,9.34,0,37.36,3.78,0,0,37308.52,,,,,,,,,,,,,100271236,,,,,,,,,101
,9001,SH20150202900113892,20150202,40001,股票卖出,601699,潞安环能,,,100271236,,,,,900,9315,2.33,0,9.32,1,0,0,9302.35,,,,,,,,,,,,,100271236,,,,,,,,,101
,9001,SH20150202900113893,20150202,40001,股票卖出,600009,上海机场,,,100271236,,,,,1200,24252,6.06,0,24.25,1,0,0,24220.69,,,,,,,,,,,,,100271236,,,,,,,,,101
,9001,SH20150202900113894,20150202,40001,股票卖出,600208,新湖中宝,,,100271236,,,,,2700,20250,5.06,0,20.25,1.62,0,0,20223.07,,,,,,,,,,,,,100271236,,,,,,,,,101
,9001,SH20150202900113895,20150202,40001,股票卖出,603288,海天味业,,,100271236,,,,,300,13404,3.35,0,13.41,1,0,0,13386.24,,,,,,,,,,,,,100271236,,,,,,,,,101
,9001,SH20150202900113896,20150202,40001,股票卖出,600015,华夏银行,,,100271236,,,,,5100,60639,15.16,0,60.64,3.06,0,0,60560.14,,,,,,,,,,,,,100271236,,,,,,,,,101
,9001,SH20150202900113897,20150202,40001,股票卖出,601328,交通银行,,,100271236,,,,,17700,107085,26.77,0,107.1,10.62,0,0,106940.51,,,,,,,,,,,,,100271236,,,,,,,,,101
,9001,SH20150202900113898,20150202,40001,股票卖出,600048,保利地产,,,100271236,,,,,7200,75096,18.77,0,75.1,4.32,0,0,74997.81,,,,,,,,,,,,,100271236,,,,,,,,,101
,9001,SH20150202900113902,20150202,40001,股票卖出,600674,川投能源,,,100271236,,,,,1200,23856,5.96,0,23.86,1,0,0,23825.18,,,,,,,,,,,,,100271236,,,,,,,,,101
,9001,SH20150202900113905,20150202,40001,股票卖出,600031,三一重工,,,100271236,,,,,3300,26268,6.57,0,26.27,1.98,0,0,26233.18,,,,,,,,,,,,,100271236,,,,,,,,,101
,9001,SH20150202900113909,20150202,40001,股票卖出,601117,中国化学,,,100271236,,,,,2100,16716,4.18,0,16.72,1.26,0,0,16693.84,,,,,,,,,,,,,100271236,,,,,,,,,101
,9001,SH20150202900113910,20150202,40001,股票卖出,603993,洛阳钼业,,,100271236,,,,,300,3363,0.84,0,3.36,1,0,0,3357.8,,,,,,,,,,,,,100271236,,,,,,,,,101
,9001,SH20150202900113913,20150202,40001,股票卖出,601939,建设银行,,,100271236,,,,,10800,61776,15.44,0,61.78,6.48,0,0,61692.3,,,,,,,,,,,,,100271236,,,,,,,,,101
,9001,SH20150202900113915,20150202,40001,股票卖出,600485,信威集团,,,100271236,,,,,300,12300,3.08,0,12.3,1,0,0,12283.62,,,,,,,,,,,,,100271236,,,,,,,,,101
,9001,SH20150202900113919,20150202,40001,股票卖出,600108,亚盛集团,,,100271236,,,,,1800,18216,4.55,0,18.22,1.08,0,0,18192.15,,,,,,,,,,,,,100271236,,,,,,,,,101
,9001,SH20150202900113921,20150202,40001,股票卖出,601766,中国南车,,,100271236,,,,,5400,62640,15.66,0,62.64,3.24,0,0,62558.46,,,,,,,,,,,,,100271236,,,,,,,,,101
,9001,SH20150202900113922,20150202,40001,股票卖出,600703,三安光电,,,100271236,,,,,1200,20760,5.19,0,20.76,1,0,0,20733.05,,,,,,,,,,,,,100271236,,,,,,,,,101
,9001,SH20150202900113926,20150202,40001,股票卖出,600177,雅戈尔,,,100271236,,,,,1800,21816,5.45,0,21.82,1.08,0,0,21787.65,,,,,,,,,,,,,100271236,,,,,,,,,101
,9001,SH20150202900113927,20150202,40001,股票卖出,600277,亿利能源,,,100271236,,,,,900,7587,1.9,0,7.59,1,0,0,7576.51,,,,,,,,,,,,,100271236,,,,,,,,,101
,9001,SH20150202900113936,20150202,40001,股票卖出,601989,中国重工,,,100271236,,,,,8100,70308,17.58,0,70.31,4.86,0,0,70215.25,,,,,,,,,,,,,100271236,,,,,,,,,101
,9001,SH20150202900113938,20150202,40001,股票卖出,601333,广深铁路,,,100271236,,,,,3900,17160,4.29,0,17.16,2.34,0,0,17136.21,,,,,,,,,,,,,100271236,,,,,,,,,101
,9001,SH20150202900113943,20150202,40001,股票卖出,601258,庞大集团,,,100271236,,,,,1500,9330,2.33,0,9.33,1,0,0,9317.34,,,,,,,,,,,,,100271236,,,,,,,,,101
,9001,SH20150202900113956,20150202,40001,股票卖出,601899,紫金矿业,,,100271236,,,,,9000,32490,8.12,0,32.49,1,0,0,32448.39,,,,,,,,,,,,,100271236,,,,,,,,,101
,9001,SH20150202900113959,20150202,40001,股票卖出,600050,中国联通,,,100271236,,,,,9600,42912,10.73,0,42.91,5.76,0,0,42852.6,,,,,,,,,,,,,100271236,,,,,,,,,101
,9001,SH20150202900113964,20150202,40001,股票卖出,600060,海信电器,,,100271236,,,,,900,13185,3.3,0,13.19,1,0,0,13167.51,,,,,,,,,,,,,100271236,,,,,,,,,101
,9001,SH20150202900113965,20150202,40001,股票卖出,600489,中金黄金,,,100271236,,,,,1800,21816,5.45,0,21.82,1.08,0,0,21787.65,,,,,,,,,,,,,100271236,,,,,,,,,101
,9001,SH20150202900113969,20150202,40001,股票卖出,600008,首创股份,,,100271236,,,,,1200,13548,3.39,0,13.55,1,0,0,13530.06,,,,,,,,,,,,,100271236,,,,,,,,,101
,9001,SH20150202900113970,20150202,40001,股票卖出,600000,浦发银行,,,100271236,,,,,12600,178164,44.54,0,178.16,7.56,0,0,177933.74,,,,,,,,,,,,,100271236,,,,,,,,,101
,9001,SH20150202900113971,20150202,40001,股票卖出,600783,鲁信创投,,,100271236,,,,,300,8646,2.16,0,8.65,1,0,0,8634.19,,,,,,,,,,,,,100271236,,,,,,,,,101
,9001,SH20150202900113972,20150202,40001,股票卖出,601618,中国中冶,,,100271236,,,,,5400,21330,5.33,0,21.33,3.24,0,0,21300.1,,,,,,,,,,,,,100271236,,,,,,,,,101
,9001,SH20150202900113975,20150202,40001,股票卖出,600804,鹏博士,,,100271236,,,,,1200,27864,6.97,0,27.86,1,0,0,27828.17,,,,,,,,,,,,,100271236,,,,,,,,,101
,9001,SH20150202900113976,20150202,40001,股票卖出,600276,恒瑞医药,,,100271236,,,,,900,37404,9.35,0,37.4,1,0,0,37356.25,,,,,,,,,,,,,100271236,,,,,,,,,101
,9001,SH20150202900113977,20150202,40001,股票卖出,600516,方大炭素,,,100271236,,,,,1200,12924,3.23,0,12.92,1,0,0,12906.85,,,,,,,,,,,,,100271236,,,,,,,,,101
,9001,SH20150202900113984,20150202,40001,股票卖出,600115,东方航空,,,100271236,,,,,3000,15360,3.84,0,15.36,1.8,0,0,15339,,,,,,,,,,,,,100271236,,,,,,,,,101
,9001,SH20150202900113988,20150202,40001,股票卖出,601668,中国建筑,,,100271236,,,,,16800,94248,23.56,0,94.25,10.08,0,0,94120.11,,,,,,,,,,,,,100271236,,,,,,,,,101
,9001,SH20150202900113990,20150202,40001,股票卖出,600887,伊利股份,,,100271236,,,,,3300,88770,22.19,0,88.77,1.98,0,0,88657.06,,,,,,,,,,,,,100271236,,,,,,,,,101
,9001,SH20150202900113949,20150202,40001,股票卖出,600372,中航电子,,,100271236,,,,,600,16680,4.17,0,16.68,1,0,0,16658.15,,,,,,,,,,,,,100271236,,,,,,,,,101
,9001,SH20150202900113993,20150202,40001,股票卖出,601818,光大银行,,,100271236,,,,,22200,89688,22.42,0,89.69,13.32,0,0,89562.57,,,,,,,,,,,,,100271236,,,,,,,,,101
,9001,SH20150202900113994,20150202,40001,股票卖出,600549,厦门钨业,,,100271236,,,,,300,9744,2.44,0,9.74,1,0,0,9730.82,,,,,,,,,,,,,100271236,,,,,,,,,101
,9001,SH20150202900113996,20150202,40001,股票卖出,600340,华夏幸福,,,100271236,,,,,600,28080,7.02,0,28.08,1,0,0,28043.9,,,,,,,,,,,,,100271236,,,,,,,,,101
,9001,SH20150202900113998,20150202,40001,股票卖出,601225,陕西煤业,,,100271236,,,,,600,3582,0.9,0,3.58,1,0,0,3576.52,,,,,,,,,,,,,100271236,,,,,,,,,101
,9001,SH20150202900114003,20150202,40001,股票卖出,601179,中国西电,,,100271236,,,,,2400,16248,4.06,0,16.25,1.44,0,0,16226.25,,,,,,,,,,,,,100271236,,,,,,,,,101
,9001,SH20150202900114005,20150202,40001,股票卖出,601169,北京银行,,,100271236,,,,,7200,72936,18.23,0,72.95,4.32,0,0,72840.5,,,,,,,,,,,,,100271236,,,,,,,,,101
,9001,SH20150202900114007,20150202,40001,股票卖出,600998,九州通,,,100271236,,,,,300,5343,1.34,0,5.34,1,0,0,5335.32,,,,,,,,,,,,,100271236,,,,,,,,,101
,9001,SH20150202900114013,20150202,40001,股票卖出,600016,民生银行,,,100271236,,,,,30300,279063,69.77,0,279.07,18.18,0,0,278695.98,,,,,,,,,,,,,100271236,,,,,,,,,101
,9001,SH20150202900114016,20150202,40001,股票卖出,600143,金发科技,,,100271236,,,,,1800,12024,3.01,0,12.02,1.08,0,0,12007.89,,,,,,,,,,,,,100271236,,,,,,,,,101
,9001,SH20150202900114017,20150202,40001,股票卖出,601901,方正证券,,,100271236,,,,,4500,53010,13.25,0,53.01,2.7,0,0,52941.04,,,,,,,,,,,,,100271236,,,,,,,,,101
,9001,SH20150202900114018,20150202,40001,股票卖出,601377,兴业证券,,,100271236,,,,,4200,50862,12.72,0,50.86,2.52,0,0,50795.9,,,,,,,,,,,,,100271236,,,,,,,,,101
,9001,SH20150202900114022,20150202,40001,股票卖出,600863,内蒙华电,,,100271236,,,,,3300,13497,3.37,0,13.5,1.98,0,0,13478.15,,,,,,,,,,,,,100271236,,,,,,,,,101
,9001,SH20150202900114034,20150202,40001,股票卖出,600633,浙报传媒,,,100271236,,,,,600,11496,2.87,0,11.5,1,0,0,11480.63,,,,,,,,,,,,,100271236,,,,,,,,,101
,9001,SH20150202900114035,20150202,40001,股票卖出,601808,中海油服,,,100271236,,,,,600,11388,2.85,0,11.39,1,0,0,11372.76,,,,,,,,,,,,,100271236,,,,,,,,,101
,9001,SH20150202900114045,20150202,40001,股票卖出,601111,中国国航,,,100271236,,,,,1800,13356,3.34,0,13.36,1.08,0,0,13338.22,,,,,,,,,,,,,100271236,,,,,,,,,101
,9001,SH20150202900114046,20150202,40001,股票卖出,600867,通化东宝,,,100271236,,,,,900,15255,3.81,0,15.26,1,0,0,15234.93,,,,,,,,,,,,,100271236,,,,,,,,,101
,9001,SH20150202900114047,20150202,40001,股票卖出,600583,海油工程,,,100271236,,,,,2100,20181,5.05,0,20.18,1.26,0,0,20154.51,,,,,,,,,,,,,100271236,,,,,,,,,101
,9001,SH20150202900114050,20150202,40001,股票卖出,600170,上海建工,,,100271236,,,,,1500,14295,3.57,0,14.3,1,0,0,14276.13,,,,,,,,,,,,,100271236,,,,,,,,,101
,9001,SH20150202900114052,20150202,40001,股票卖出,600383,金地集团,,,100271236,,,,,5100,49062,12.27,0,49.06,3.06,0,0,48997.61,,,,,,,,,,,,,100271236,,,,,,,,,101
,9001,SH20150202900114054,20150202,40001,股票卖出,601018,宁波港,,,100271236,,,,,4200,18396,4.6,0,18.4,2.52,0,0,18370.48,,,,,,,,,,,,,100271236,,,,,,,,,101
,9001,SH20150202900114056,20150202,40001,股票卖出,600348,阳泉煤业,,,100271236,,,,,1500,13155,3.29,0,13.15,1,0,0,13137.56,,,,,,,,,,,,,100271236,,,,,,,,,101
,9001,SH20150202900114058,20150202,40001,股票卖出,600373,中文传媒,,,100271236,,,,,600,8640,2.16,0,8.64,1,0,0,8628.2,,,,,,,,,,,,,100271236,,,,,,,,,101
,9001,SH20150202900114059,20150202,40001,股票卖出,601669,中国电建,,,100271236,,,,,3300,21813,5.45,0,21.81,1.98,0,0,21783.76,,,,,,,,,,,,,100271236,,,,,,,,,101
,9001,SH20150202900114060,20150202,40001,股票卖出,601118,海南橡胶,,,100271236,,,,,1200,10932,2.73,0,10.93,1,0,0,10917.34,,,,,,,,,,,,,100271236,,,,,,,,,101
,9001,SH20150202900114061,20150202,40001,股票卖出,600315,上海家化,,,100271236,,,,,600,22632,5.66,0,22.63,1,0,0,22602.71,,,,,,,,,,,,,100271236,,,,,,,,,101
,9001,SH20150202900114062,20150202,40001,股票卖出,601231,环旭电子,,,100271236,,,,,300,10245,2.56,0,10.25,1,0,0,10231.19,,,,,,,,,,,,,100271236,,,,,,,,,101
,9001,SH20150202900114063,20150202,40001,股票卖出,601933,永辉超市,,,100271236,,,,,2100,18186,4.55,0,18.18,1.26,0,0,18162.01,,,,,,,,,,,,,100271236,,,,,,,,,101
,9001,SH20150202900114069,20150202,40001,股票卖出,601288,农业银行,,,100271236,,,,,29100,98358,24.59,0,98.36,17.46,0,0,98217.59,,,,,,,,,,,,,100271236,,,,,,,,,101
,9001,SH20150202900114078,20150202,40001,股票卖出,601888,中国国旅,,,100271236,,,,,300,14040,3.51,0,14.04,1,0,0,14021.45,,,,,,,,,,,,,100271236,,,,,,,,,101
,9001,SH20150202900114079,20150202,40001,股票卖出,600038,中直股份,,,100271236,,,,,300,12930,3.23,0,12.93,1,0,0,12912.84,,,,,,,,,,,,,100271236,,,,,,,,,101
,9001,SH20150202900114081,20150202,40001,股票卖出,601992,金隅股份,,,100271236,,,,,1200,11568,2.89,0,11.57,1,0,0,11552.54,,,,,,,,,,,,,100271236,,,,,,,,,101
,9001,SH20150202900114082,20150202,40001,股票卖出,600089,特变电工,,,100271236,,,,,3000,35914,8.98,0,35.91,1.8,0,0,35867.31,,,,,,,,,,,,,100271236,,,,,,,,,101
,9001,SH20150202900114083,20150202,40001,股票卖出,600068,葛洲坝,,,100271236,,,,,2700,22491,5.62,0,22.49,1.62,0,0,22461.27,,,,,,,,,,,,,100271236,,,,,,,,,101
,9001,SH20150202900113999,20150202,40001,股票卖出,600252,中恒集团,,,100271236,,,,,900,14625,3.66,0,14.63,1,0,0,14605.71,,,,,,,,,,,,,100271236,,,,,,,,,101
,9001,SH20150202900113939,20150202,40001,股票卖出,600010,包钢股份,,,100271236,,,,,9000,48690,12.17,0,48.69,5.4,0,0,48623.74,,,,,,,,,,,,,100271236,,,,,,,,,101
,9001,SH20150202900113890,20150202,40001,股票卖出,600332,白云山,,,100271236,,,,,600,17790,4.45,0,17.79,1,0,0,17766.76,,,,,,,,,,,,,100271236,,,,,,,,,101
,9001,SH20150202900113963,20150202,40001,股票卖出,600795,国电电力,,,100271236,,,,,10500,40635,10.16,0,40.64,6.3,0,0,40577.9,,,,,,,,,,,,,100271236,,,,,,,,,101
,9001,SH20150202900113791,20150202,40001,股票卖出,600038,中直股份,,,100271236,,,,,300,12933,3.23,0,12.93,1,0,0,12915.84,,,,,,,,,,,,,100271236,,,,,,,,,101
,9001,SH20150202900114110,20150202,40001,股票卖出,600011,华能国际,,,100271236,,,,,4800,38352,9.59,0,38.35,2.88,0,0,38301.18,,,,,,,,,,,,,100271236,,,,,,,,,101
,9001,SH20150202900114067,20150202,40001,股票卖出,601928,凤凰传媒,,,100271236,,,,,900,10368,2.59,0,10.37,1,0,0,10354.04,,,,,,,,,,,,,100271236,,,,,,,,,101
,9001,SH20150202900113953,20150202,40001,股票卖出,600196,复星医药,,,100271236,,,,,1200,27216,6.8,0,27.22,1,0,0,27180.98,,,,,,,,,,,,,100271236,,,,,,,,,101
,9001,SH20150202900113955,20150202,40001,股票卖出,601601,中国太保,,,100271236,,,,,3600,115884,28.97,0,115.88,2.16,0,0,115736.99,,,,,,,,,,,,,100271236,,,,,,,,,101
,9001,SH20150202900113925,20150202,40001,股票卖出,600058,五矿发展,,,100271236,,,,,600,8970,2.24,0,8.97,1,0,0,8957.79,,,,,,,,,,,,,100271236,,,,,,,,,101
,9001,SH20150202900113923,20150202,40001,股票卖出,601318,中国平安,,,100271236,,,,,5700,381444,95.36,0,381.44,3.42,0,0,380963.78,,,,,,,,,,,,,100271236,,,,,,,,,101
,9001,SH20150202900113868,20150202,40001,股票卖出,600398,海澜之家,,,100271236,,,,,900,10503,2.63,0,10.5,1,0,0,10488.87,,,,,,,,,,,,,100271236,,,,,,,,,101
,9001,SH20150202900113687,20150202,40001,股票卖出,600348,阳泉煤业,,,100271236,,,,,1500,13170,3.29,0,13.17,1,0,0,13152.54,,,,,,,,,,,,,100271236,,,,,,,,,101
,9001,SH20150202900114094,20150202,40001,股票卖出,600705,中航资本,,,100271236,,,,,1800,37062,9.27,0,37.06,1.08,0,0,37014.59,,,,,,,,,,,,,100271236,,,,,,,,,101
,9001,SH20150202900114008,20150202,40001,股票卖出,600741,华域汽车,,,100271236,,,,,1200,20448,5.11,0,20.45,1,0,0,20421.44,,,,,,,,,,,,,100271236,,,,,,,,,101
,9001,SH20150202900113852,20150202,40001,股票卖出,601166,兴业银行,,,100271236,,,,,12900,182277,45.57,0,182.28,7.74,0,0,182041.41,,,,,,,,,,,,,100271236,,,,,,,,,101
,9001,SH20150202900113960,20150202,40001,股票卖出,600642,申能股份,,,100271236,,,,,2700,18468,4.62,0,18.47,1.62,0,0,18443.29,,,,,,,,,,,,,100271236,,,,,,,,,101
,9001,SH20150202900113935,20150202,40001,股票卖出,601958,金钼股份,,,100271236,,,,,1200,11448,2.86,0,11.45,1,0,0,11432.69,,,,,,,,,,,,,100271236,,,,,,,,,101
,9001,SH20150202900114042,20150202,40001,股票卖出,600395,盘江股份,,,100271236,,,,,600,6666,1.67,0,6.66,1,0,0,6656.67,,,,,,,,,,,,,100271236,,,,,,,,,101
,9001,SH20150202900113991,20150202,40001,股票卖出,600570,恒生电子,,,100271236,,,,,600,36360,9.09,0,36.36,1,0,0,36313.55,,,,,,,,,,,,,100271236,,,,,,,,,101
,9001,SH20150202900113648,20150202,40001,股票卖出,600085,同仁堂,,,100271236,,,,,600,13356,3.34,0,13.36,1,0,0,13338.3,,,,,,,,,,,,,100271236,,,,,,,,,101
,9001,SH20150202900113904,20150202,40001,股票卖出,600352,浙江龙盛,,,100271236,,,,,1500,36465,9.12,0,36.47,1,0,0,36418.41,,,,,,,,,,,,,100271236,,,,,,,,,101
,9001,SH20150202900114101,20150202,40001,股票卖出,601098,中南传媒,,,100271236,,,,,900,15129,3.78,0,15.13,1,0,0,15109.09,,,,,,,,,,,,,100271236,,,,,,,,,101
,9001,SH20150202900114115,20150202,40001,股票卖出,600362,江西铜业,,,100271236,,,,,900,15966,3.99,0,15.97,1,0,0,15945.04,,,,,,,,,,,,,100271236,,,,,,,,,101
,9001,SH20150202900113916,20150202,40001,股票卖出,600660,福耀玻璃,,,100271236,,,,,1500,19800,4.95,0,19.8,1,0,0,19774.25,,,,,,,,,,,,,100271236,,,,,,,,,101
,9001,SH20150202900114108,20150202,40001,股票卖出,600827,百联股份,,,100271236,,,,,900,15210,3.8,0,15.21,1,0,0,15189.99,,,,,,,,,,,,,100271236,,,,,,,,,101
,9001,SH20150202900113945,20150202,40001,股票卖出,601607,上海医药,,,100271236,,,,,1200,19920,4.98,0,19.92,1,0,0,19894.1,,,,,,,,,,,,,100271236,,,,,,,,,101
,9001,SH20150202900113932,20150202,40001,股票卖出,600535,天士力,,,100271236,,,,,600,26166,6.54,0,26.17,1,0,0,26132.29,,,,,,,,,,,,,100271236,,,,,,,,,101
,9001,SH20150202900114028,20150202,40001,股票卖出,600104,上汽集团,,,100271236,,,,,3600,79488,19.87,0,79.48,2.16,0,0,79386.49,,,,,,,,,,,,,100271236,,,,,,,,,101
,9001,SH20150202900113889,20150202,40001,股票卖出,600518,康美药业,,,100271236,,,,,1800,30186,7.55,0,30.19,1.08,0,0,30147.18,,,,,,,,,,,,,100271236,,,,,,,,,101
,9001,SH20150202900113855,20150202,40001,股票卖出,600153,建发股份,,,100271236,,,,,1800,16812,4.2,0,16.81,1.08,0,0,16789.91,,,,,,,,,,,,,100271236,,,,,,,,,101
,9001,SH20150202900113981,20150202,40001,股票卖出,600188,兖州煤业,,,100271236,,,,,600,8010,2,0,8.01,1,0,0,7998.99,,,,,,,,,,,,,100271236,,,,,,,,,101
,9001,SH20150202900114026,20150202,40001,股票卖出,600809,山西汾酒,,,100271236,,,,,300,6000,1.5,0,6,1,0,0,5991.5,,,,,,,,,,,,,100271236,,,,,,,,,101
,9001,SH20150202900114116,20150202,40001,股票卖出,600111,北方稀土,,,100271236,,,,,1500,38565,9.64,0,38.56,1,0,0,38515.8,,,,,,,,,,,,,100271236,,,,,,,,,101
,9001,SH20150202900113716,20150202,40001,股票卖出,600498,烽火通信,,,100271236,,,,,600,10512,2.63,0,10.51,1,0,0,10497.86,,,,,,,,,,,,,100271236,,,,,,,,,101
,9001,SH20150202900113884,20150202,40001,股票卖出,600267,海正药业,,,100271236,,,,,600,10254,2.56,0,10.25,1,0,0,10240.19,,,,,,,,,,,,,100271236,,,,,,,,,101
,9001,SH20150202900113886,20150202,40001,股票卖出,601009,南京银行,,,100271236,,,,,2100,26502,6.63,0,26.5,1.26,0,0,26467.61,,,,,,,,,,,,,100271236,,,,,,,,,101
,9001,SH20150202900113649,20150202,40001,股票卖出,600489,中金黄金,,,100271236,,,,,1800,21834,5.46,0,21.84,1.08,0,0,21805.62,,,,,,,,,,,,,100271236,,,,,,,,,101
,9001,SH20150202900114073,20150202,40001,股票卖出,601299,中国北车,,,100271236,,,,,4500,54045,13.51,0,54.05,2.7,0,0,53974.74,,,,,,,,,,,,,100271236,,,,,,,,,101
,9001,SH20150202900114001,20150202,40001,股票卖出,601857,中国石油,,,100271236,,,,,4500,51165,12.79,0,51.17,2.7,0,0,51098.34,,,,,,,,,,,,,100271236,,,,,,,,,101
,9001,SH20150202900113918,20150202,40001,股票卖出,600166,福田汽车,,,100271236,,,,,1800,10872,2.72,0,10.87,1.08,0,0,10857.33,,,,,,,,,,,,,100271236,,,,,,,,,101
,9001,SH20150202900114027,20150202,40001,股票卖出,601929,吉视传媒,,,100271236,,,,,900,10683,2.67,0,10.68,1,0,0,10668.65,,,,,,,,,,,,,100271236,,,,,,,,,101
,9001,SH20150202900114089,20150202,40001,股票卖出,600648,外高桥,,,100271236,,,,,300,9300,2.33,0,9.3,1,0,0,9287.37,,,,,,,,,,,,,100271236,,,,,,,,,101
,9001,SH20150202900113906,20150202,40001,股票卖出,600271,航天信息,,,100271236,,,,,600,22398,5.6,0,22.4,1,0,0,22369,,,,,,,,,,,,,100271236,,,,,,,,,101
,9001,SH20150202900113930,20150202,40001,股票卖出,600880,博瑞传播,,,100271236,,,,,600,7098,1.77,0,7.1,1,0,0,7088.13,,,,,,,,,,,,,100271236,,,,,,,,,101
,9001,SH20150202900113986,20150202,40001,股票卖出,600655,豫园商城,,,100271236,,,,,1200,16272,4.07,0,16.27,1,0,0,16250.66,,,,,,,,,,,,,100271236,,,,,,,,,101
,9001,SH20150202900114092,20150202,40001,股票卖出,600079,人福医药,,,100271236,,,,,600,17401.94,4.35,0,17.4,1,0,0,17379.19,,,,,,,,,,,,,100271236,,,,,,,,,101
,9001,SH20150202900113774,20150202,40001,股票卖出,600362,江西铜业,,,100271236,,,,,900,15975,3.99,0,15.98,1,0,0,15954.03,,,,,,,,,,,,,100271236,,,,,,,,,101
,9001,SH20150202900113992,20150202,40001,股票卖出,600832,东方明珠,,,100271236,,,,,1800,25272,6.32,0,25.27,1.08,0,0,25239.33,,,,,,,,,,,,,100271236,,,,,,,,,101
,9001,SH20150202900114025,20150202,40001,股票卖出,601158,重庆水务,,,100271236,,,,,1200,9744,2.44,0,9.74,1,0,0,9730.82,,,,,,,,,,,,,100271236,,,,,,,,,101
,9001,SH20150202900114024,20150202,40001,股票卖出,600637,百视通,,,100271236,,,,,900,35595,8.9,0,35.6,1,0,0,35549.5,,,,,,,,,,,,,100271236,,,,,,,,,101
,9001,SH20150202900113761,20150202,40001,股票卖出,600309,万华化学,,,100271236,,,,,1200,25572,6.39,0,25.57,1,0,0,25539.04,,,,,,,,,,,,,100271236,,,,,,,,,101
,9001,SH20150202900113947,20150202,40001,股票卖出,600036,招商银行,,,100271236,,,,,18600,263190,65.8,0,263.22,11.16,0,0,262849.82,,,,,,,,,,,,,100271236,,,,,,,,,101
,9001,SH20150202900114055,20150202,40001,股票卖出,600019,宝钢股份,,,100271236,,,,,5400,31266,7.82,0,31.27,3.24,0,0,31223.67,,,,,,,,,,,,,100271236,,,,,,,,,101
,9001,SH20150202900113891,20150202,40001,股票卖出,600690,青岛海尔,,,100271236,,,,,1800,35784,8.95,0,35.78,1.08,0,0,35738.19,,,,,,,,,,,,,100271236,,,,,,,,,101
,9001,SH20150202900114090,20150202,40001,股票卖出,600436,片仔癀,,,100271236,,,,,300,30633,7.66,0,30.64,1,0,0,30593.7,,,,,,,,,,,,,100271236,,,,,,,,,101
,9001,SH20150202900113978,20150202,40001,股票卖出,600018,上港集团,,,100271236,,,,,5100,32283,8.07,0,32.28,3.06,0,0,32239.59,,,,,,,,,,,,,100271236,,,,,,,,,101
,9001,SH20150202900113867,20150202,40001,股票卖出,600839,四川长虹,,,100271236,,,,,4200,23478,5.87,0,23.47,2.52,0,0,23446.14,,,,,,,,,,,,,100271236,,,,,,,,,101
,9001,SH20150202900114015,20150202,40001,股票卖出,601633,长城汽车,,,100271236,,,,,600,26940,6.74,0,26.94,1,0,0,26905.32,,,,,,,,,,,,,100271236,,,,,,,,,101
,9001,SH20150202900113903,20150202,40001,股票卖出,600999,招商证券,,,100271236,,,,,2700,65340,16.34,0,65.34,1.62,0,0,65256.7,,,,,,,,,,,,,100271236,,,,,,,,,101
,9001,SH20150202900113982,20150202,40001,股票卖出,600837,海通证券,,,100271236,,,,,9000,176310,44.08,0,176.33,5.4,0,0,176084.19,,,,,,,,,,,,,100271236,,,,,,,,,101
,9001,SH20150202900113778,20150202,40001,股票卖出,600999,招商证券,,,100271236,,,,,2700,65448,16.36,0,65.45,1.62,0,0,65364.57,,,,,,,,,,,,,100271236,,,,,,,,,101
,9001,SH20150202900114124,20150202,40001,股票卖出,600497,驰宏锌锗,,,100271236,,,,,1200,13500,3.38,0,13.5,1,0,0,13482.12,,,,,,,,,,,,,100271236,,,,,,,,,101
,9001,SH20150202900113948,20150202,40001,股票卖出,601006,大秦铁路,,,100271236,,,,,6600,68508,17.13,0,68.51,3.96,0,0,68418.4,,,,,,,,,,,,,100271236,,,,,,,,,101
,9001,SH20150202900114051,20150202,40001,股票卖出,601216,内蒙君正,,,100271236,,,,,600,7632,1.91,0,7.63,1,0,0,7621.46,,,,,,,,,,,,,100271236,,,,,,,,,101
,9001,SH20150202900113850,20150202,40001,股票卖出,600150,中国船舶,,,100271236,,,,,900,32697,8.17,0,32.7,1,0,0,32655.13,,,,,,,,,,,,,100271236,,,,,,,,,101
,9001,SH20150202900113561,20150202,40001,股票卖出,600485,信威集团,,,100271236,,,,,300,12360,3.09,0,12.36,1,0,0,12343.55,,,,,,,,,,,,,100271236,,,,,,,,,101
,9001,SH20150202900113961,20150202,40001,股票卖出,600519,贵州茅台,,,100271236,,,,,600,104700,26.18,0,104.7,1,0,0,104568.12,,,,,,,,,,,,,100271236,,,,,,,,,101
,9001,SH20150202900114064,20150202,40001,股票卖出,600109,国金证券,,,100271236,,,,,2100,34167,8.54,0,34.17,1.26,0,0,34123.03,,,,,,,,,,,,,100271236,,,,,,,,,101
,9001,SH20150202900113692,20150202,40001,股票卖出,600109,国金证券,,,100271236,,,,,2100,34188,8.55,0,34.2,1.26,0,0,34143.99,,,,,,,,,,,,,100271236,,,,,,,,,101
,9001,SH20150202900113679,20150202,40001,股票卖出,600519,贵州茅台,,,100271236,,,,,600,104706,26.18,0,104.71,1,0,0,104574.11,,,,,,,,,,,,,100271236,,,,,,,,,101
,9001,SH20150202900114119,20150202,40001,股票卖出,600100,同方股份,,,100271236,,,,,2100,28119,7.03,0,28.13,1.26,0,0,28082.58,,,,,,,,,,,,,100271236,,,,,,,,,101
,9001,SH20150202900113592,20150202,40001,股票卖出,600150,中国船舶,,,100271236,,,,,900,32715,8.18,0,32.72,1,0,0,32673.1,,,,,,,,,,,,,100271236,,,,,,,,,101
,9001,SH20150202900114066,20150202,40001,股票卖出,603000,人民网,,,100271236,,,,,300,13758,3.44,0,13.76,1,0,0,13739.8,,,,,,,,,,,,,100271236,,,,,,,,,101
,9001,SH20150202900114087,20150202,40001,股票卖出,600118,中国卫星,,,100271236,,,,,600,17700,4.43,0,17.7,1,0,0,17676.87,,,,,,,,,,,,,100271236,,,,,,,,,101
,9001,SH20150202900113569,20150202,40001,股票卖出,600887,伊利股份,,,100271236,,,,,3300,88803,22.2,0,88.81,1.98,0,0,88690.01,,,,,,,,,,,,,100271236,,,,,,,,,101
,9001,SH20150202900114036,20150202,40001,股票卖出,600256,广汇能源,,,100271236,,,,,3600,30708,7.68,0,30.71,2.16,0,0,30667.45,,,,,,,,,,,,,100271236,,,,,,,,,101
,9001,SH20150202900113817,20150202,40001,股票卖出,601318,中国平安,,,100271236,,,,,5700,381615,95.4,0,381.61,3.42,0,0,381134.57,,,,,,,,,,,,,100271236,,,,,,,,,101
,9001,SH20150202900113734,20150202,40001,股票卖出,600516,方大炭素,,,100271236,,,,,1200,12936,3.23,0,12.94,1,0,0,12918.83,,,,,,,,,,,,,100271236,,,,,,,,,101
,9001,SH20150202900113845,20150202,40001,股票卖出,600739,辽宁成大,,,100271236,,,,,1500,32415,8.1,0,32.42,1,0,0,32373.48,,,,,,,,,,,,,100271236,,,,,,,,,101
,9001,SH20150202900114037,20150202,40001,股票卖出,600030,中信证券,,,100271236,,,,,8700,236640,59.16,0,236.64,5.22,0,0,236338.98,,,,,,,,,,,,,100271236,,,,,,,,,101
,9001,SH20150202900114120,20150202,40001,股票卖出,600893,中航动力,,,100271236,,,,,600,18906,4.73,0,18.91,1,0,0,18881.36,,,,,,,,,,,,,100271236,,,,,,,,,101
,9001,SH20150202900113924,20150202,40001,股票卖出,600316,洪都航空,,,100271236,,,,,600,18012,4.5,0,18.01,1,0,0,17988.49,,,,,,,,,,,,,100271236,,,,,,,,,101
,9001,SH20150202900114107,20150202,40001,股票卖出,600066,宇通客车,,,100271236,,,,,900,22680,5.67,0,22.68,1,0,0,22650.65,,,,,,,,,,,,,100271236,,,,,,,,,101
,9001,SH20150202900113962,20150202,40001,股票卖出,601688,华泰证券,,,100271236,,,,,3000,61140,15.29,0,61.14,1.8,0,0,61061.77,,,,,,,,,,,,,100271236,,,,,,,,,101
,9001,SH20150202900113594,20150202,40001,股票卖出,600372,中航电子,,,100271236,,,,,600,16716,4.18,0,16.72,1,0,0,16694.1,,,,,,,,,,,,,100271236,,,,,,,,,101
,9001,SH20150202900114100,20150202,40001,股票卖出,600547,山东黄金,,,100271236,,,,,900,23877,5.97,0,23.88,1,0,0,23846.15,,,,,,,,,,,,,100271236,,,,,,,,,101
,9001,SH20150202900113603,20150202,40001,股票卖出,600031,三一重工,,,100271236,,,,,3300,26301,6.58,0,26.3,1.98,0,0,26266.14,,,,,,,,,,,,,100271236,,,,,,,,,101
,9001,SH20150202900114023,20150202,40001,股票卖出,600585,海螺水泥,,,100271236,,,,,2100,41118,10.28,0,41.12,1.26,0,0,41065.34,,,,,,,,,,,,,100271236,,,,,,,,,101
,9001,SH20150202900113723,20150202,40001,股票卖出,601688,华泰证券,,,100271236,,,,,3000,61200,15.3,0,61.2,1.8,0,0,61121.7,,,,,,,,,,,,,100271236,,,,,,,,,101
,9001,SH20150202900113843,20150202,40001,股票卖出,603699,纽威股份,,,100271236,,,,,300,5940,1.49,0,5.94,1,0,0,5931.57,,,,,,,,,,,,,100271236,,,,,,,,,101
,9001,SH20150202900113820,20150202,40001,股票卖出,600832,东方明珠,,,100271236,,,,,1800,25308,6.33,0,25.31,1.08,0,0,25275.28,,,,,,,,,,,,,100271236,,,,,,,,,101
,9001,SH20150202900113743,20150202,40001,股票卖出,600100,同方股份,,,100271236,,,,,2100,28161,7.04,0,28.16,1.26,0,0,28124.54,,,,,,,,,,,,,100271236,,,,,,,,,101
,9001,SH20150202900113950,20150202,40001,股票卖出,601628,中国人寿,,,100271236,,,,,1800,62046,15.51,0,62.05,1.08,0,0,61967.36,,,,,,,,,,,,,100271236,,,,,,,,,101
,9001,SH20150202900113968,20150202,40001,股票卖出,600415,小商品城,,,100271236,,,,,1500,19650,4.91,0,19.65,1,0,0,19624.44,,,,,,,,,,,,,100271236,,,,,,,,,101
,9001,SZ20150202900113822,20150202,40001,股票卖出,999,华润三九,,,100271236,,,,,300,7395,1.85,0,7.4,0,0,0,7385.75,,,,,,,,,,,,,100271236,,,,,,,,,102
,9001,SZ20150202900113823,20150202,40001,股票卖出,2353,杰瑞股份,,,100271236,,,,,600,21066,5.27,0,21.07,0,0,0,21039.66,,,,,,,,,,,,,100271236,,,,,,,,,102
,9001,SZ20150202900113824,20150202,40001,股票卖出,300024,机器人,,,100271236,,,,,600,24006,6,0,24.01,0,0,0,23975.99,,,,,,,,,,,,,100271236,,,,,,,,,102
,9001,SZ20150202900113826,20150202,40001,股票卖出,2500,山西证券,,,100271236,,,,,1200,15936,3.98,0,15.94,0,0,0,15916.08,,,,,,,,,,,,,100271236,,,,,,,,,102
,9001,SZ20150202900113828,20150202,40001,股票卖出,800,一汽轿车,,,100271236,,,,,900,15615,3.9,0,15.62,0,0,0,15595.48,,,,,,,,,,,,,100271236,,,,,,,,,102
,9001,SZ20150202900113833,20150202,40001,股票卖出,568,泸州老窖,,,100271236,,,,,900,16830,4.21,0,16.83,0,0,0,16808.96,,,,,,,,,,,,,100271236,,,,,,,,,102
,9001,SZ20150202900113700,20150202,40001,股票卖出,2065,东华软件,,,100271236,,,,,900,22230,5.56,0,22.23,0,0,0,22202.21,,,,,,,,,,,,,100271236,,,,,,,,,102
,9001,SZ20150202900113554,20150202,40001,股票卖出,826,桑德环境,,,100271236,,,,,600,16902,4.23,0,16.9,0,0,0,16880.87,,,,,,,,,,,,,100271236,,,,,,,,,102
,9001,SZ20150202900113556,20150202,40001,股票卖出,2236,大华股份,,,100271236,,,,,600,15672,3.92,0,15.67,0,0,0,15652.41,,,,,,,,,,,,,100271236,,,,,,,,,102
,9001,SZ20150202900113560,20150202,40001,股票卖出,898,鞍钢股份,,,100271236,,,,,2100,10878,2.72,0,10.88,0,0,0,10864.4,,,,,,,,,,,,,100271236,,,,,,,,,102
,9001,SZ20150202900113565,20150202,40001,股票卖出,2344,海宁皮城,,,100271236,,,,,600,9270,2.32,0,9.27,0,0,0,9258.41,,,,,,,,,,,,,100271236,,,,,,,,,102
,9001,SZ20150202900113568,20150202,40001,股票卖出,300070,碧水源,,,100271236,,,,,600,20178,5.04,0,20.18,0,0,0,20152.78,,,,,,,,,,,,,100271236,,,,,,,,,102
,9001,SZ20150202900113571,20150202,40001,股票卖出,937,冀中能源,,,100271236,,,,,900,6912,1.73,0,6.91,0,0,0,6903.36,,,,,,,,,,,,,100271236,,,,,,,,,102
,9001,SZ20150202900113576,20150202,40001,股票卖出,300058,蓝色光标,,,100271236,,,,,600,15108,3.78,0,15.11,0,0,0,15089.11,,,,,,,,,,,,,100271236,,,,,,,,,102
,9001,SZ20150202900113577,20150202,40001,股票卖出,423,东阿阿胶,,,100271236,,,,,600,22992,5.75,0,22.99,0,0,0,22963.26,,,,,,,,,,,,,100271236,,,,,,,,,102
,9001,SZ20150202900113584,20150202,40001,股票卖出,100,TCL 集团,,,100271236,,,,,8400,32088,8.02,0,32.09,0,0,0,32047.89,,,,,,,,,,,,,100271236,,,,,,,,,102
,9001,SZ20150202900113588,20150202,40001,股票卖出,300124,汇川技术,,,100271236,,,,,600,20160,5.04,0,20.16,0,0,0,20134.8,,,,,,,,,,,,,100271236,,,,,,,,,102
,9001,SZ20150202900113589,20150202,40001,股票卖出,876,新 希 望,,,100271236,,,,,600,9234,2.31,0,9.23,0,0,0,9222.46,,,,,,,,,,,,,100271236,,,,,,,,,102
,9001,SZ20150202900113660,20150202,40001,股票卖出,2202,金风科技,,,100271236,,,,,1800,26316,6.58,0,26.32,0,0,0,26283.1,,,,,,,,,,,,,100271236,,,,,,,,,102
,9001,SZ20150202900113662,20150202,40001,股票卖出,2570,贝因美,,,100271236,,,,,600,9678,2.42,0,9.68,0,0,0,9665.9,,,,,,,,,,,,,100271236,,,,,,,,,102
,9001,SZ20150202900113664,20150202,40001,股票卖出,2230,科大讯飞,,,100271236,,,,,600,19518,4.88,0,19.52,0,0,0,19493.6,,,,,,,,,,,,,100271236,,,,,,,,,102
,9001,SZ20150202900113666,20150202,40001,股票卖出,2142,宁波银行,,,100271236,,,,,1200,16452,4.11,0,16.45,0,0,0,16431.44,,,,,,,,,,,,,100271236,,,,,,,,,102
,9001,SZ20150202900113667,20150202,40001,股票卖出,2594,比亚迪,,,100271236,,,,,600,23118,5.78,0,23.12,0,0,0,23089.1,,,,,,,,,,,,,100271236,,,,,,,,,102
,9001,SZ20150202900113670,20150202,40001,股票卖出,157,中联重科,,,100271236,,,,,4800,29088,7.27,0,29.09,0,0,0,29051.64,,,,,,,,,,,,,100271236,,,,,,,,,102
,9001,SZ20150202900113671,20150202,40001,股票卖出,300146,汤臣倍健,,,100271236,,,,,300,8454,2.11,0,8.45,0,0,0,8443.44,,,,,,,,,,,,,100271236,,,,,,,,,102
,9001,SZ20150202900113610,20150202,40001,股票卖出,983,西山煤电,,,100271236,,,,,1800,13716,3.43,0,13.72,0,0,0,13698.85,,,,,,,,,,,,,100271236,,,,,,,,,102
,9001,SZ20150202900113611,20150202,40001,股票卖出,2038,双鹭药业,,,100271236,,,,,300,12429,3.11,0,12.43,0,0,0,12413.46,,,,,,,,,,,,,100271236,,,,,,,,,102
,9001,SZ20150202900113620,20150202,40001,股票卖出,2153,石基信息,,,100271236,,,,,300,23007,5.75,0,23.01,0,0,0,22978.24,,,,,,,,,,,,,100271236,,,,,,,,,102
,9001,SZ20150202900113624,20150202,40001,股票卖出,2001,新 和 成,,,100271236,,,,,600,9084,2.27,0,9.08,0,0,0,9072.65,,,,,,,,,,,,,100271236,,,,,,,,,102
,9001,SZ20150202900113627,20150202,40001,股票卖出,156,华数传媒,,,100271236,,,,,300,8355,2.09,0,8.36,0,0,0,8344.55,,,,,,,,,,,,,100271236,,,,,,,,,102
,9001,SZ20150202900113635,20150202,40001,股票卖出,2422,科伦药业,,,100271236,,,,,300,9915,2.48,0,9.92,0,0,0,9902.6,,,,,,,,,,,,,100271236,,,,,,,,,102
,9001,SZ20150202900113675,20150202,40001,股票卖出,2375,亚厦股份,,,100271236,,,,,300,6525,1.63,0,6.53,0,0,0,6516.84,,,,,,,,,,,,,100271236,,,,,,,,,102
,9001,SZ20150202900113682,20150202,40001,股票卖出,425,徐工机械,,,100271236,,,,,1500,17235,4.31,0,17.24,0,0,0,17213.45,,,,,,,,,,,,,100271236,,,,,,,,,102
,9001,SZ20150202900113685,20150202,40001,股票卖出,2450,康得新,,,100271236,,,,,900,28530,7.13,0,28.53,0,0,0,28494.34,,,,,,,,,,,,,100271236,,,,,,,,,102
,9001,SZ20150202900113696,20150202,40001,股票卖出,895,双汇发展,,,100271236,,,,,600,19332,4.83,0,19.33,0,0,0,19307.84,,,,,,,,,,,,,100271236,,,,,,,,,102
,9001,SZ20150202900113698,20150202,40001,股票卖出,2470,金正大,,,100271236,,,,,300,9534,2.38,0,9.53,0,0,0,9522.09,,,,,,,,,,,,,100271236,,,,,,,,,102
,9001,SZ20150202900113699,20150202,40001,股票卖出,629,攀钢钒钛,,,100271236,,,,,4800,14640,3.66,0,14.64,0,0,0,14621.7,,,,,,,,,,,,,100271236,,,,,,,,,102
,9001,SZ20150202900113702,20150202,40001,股票卖出,402,金 融 街,,,100271236,,,,,2700,27162,6.79,0,27.16,0,0,0,27128.05,,,,,,,,,,,,,100271236,,,,,,,,,102
,9001,SZ20150202900113711,20150202,40001,股票卖出,623,吉林敖东,,,100271236,,,,,900,27324,6.83,0,27.32,0,0,0,27289.85,,,,,,,,,,,,,100271236,,,,,,,,,102
,9001,SZ20150202900113717,20150202,40001,股票卖出,300017,网宿科技,,,100271236,,,,,300,19788,4.95,0,19.79,0,0,0,19763.26,,,,,,,,,,,,,100271236,,,,,,,,,102
,9001,SZ20150202900113721,20150202,40001,股票卖出,725,京东方Ａ,,,100271236,,,,,11400,34884,8.72,0,34.88,0,0,0,34840.4,,,,,,,,,,,,,100271236,,,,,,,,,102
,9001,SZ20150202900113722,20150202,40001,股票卖出,598,兴蓉投资,,,100271236,,,,,2100,15351,3.84,0,15.35,0,0,0,15331.81,,,,,,,,,,,,,100271236,,,,,,,,,102
,9001,SZ20150202900113726,20150202,40001,股票卖出,61,农 产 品,,,100271236,,,,,1500,19020,4.76,0,19.02,0,0,0,18996.22,,,,,,,,,,,,,100271236,,,,,,,,,102
,9001,SZ20150202900113728,20150202,40001,股票卖出,869,张  裕Ａ,,,100271236,,,,,300,10116,2.53,0,10.12,0,0,0,10103.35,,,,,,,,,,,,,100271236,,,,,,,,,102
,9001,SZ20150202900113729,20150202,40001,股票卖出,831,五矿稀土,,,100271236,,,,,600,22242,5.56,0,22.24,0,0,0,22214.2,,,,,,,,,,,,,100271236,,,,,,,,,102
,9001,SZ20150202900113731,20150202,40001,股票卖出,24,招商地产,,,100271236,,,,,1200,32220,8.06,0,32.22,0,0,0,32179.72,,,,,,,,,,,,,100271236,,,,,,,,,102
,9001,SZ20150202900113732,20150202,40001,股票卖出,825,太钢不锈,,,100271236,,,,,2700,13014,3.25,0,13.01,0,0,0,12997.74,,,,,,,,,,,,,100271236,,,,,,,,,102
,9001,SZ20150202900113748,20150202,40001,股票卖出,2603,以岭药业,,,100271236,,,,,300,9174,2.29,0,9.17,0,0,0,9162.54,,,,,,,,,,,,,100271236,,,,,,,,,102
,9001,SZ20150202900113749,20150202,40001,股票卖出,63,中兴通讯,,,100271236,,,,,2100,39606,9.9,0,39.61,0,0,0,39556.49,,,,,,,,,,,,,100271236,,,,,,,,,102
,9001,SZ20150202900113750,20150202,40001,股票卖出,413,东旭光电,,,100271236,,,,,1800,14130,3.53,0,14.13,0,0,0,14112.34,,,,,,,,,,,,,100271236,,,,,,,,,102
,9001,SZ20150202900113754,20150202,40001,股票卖出,2310,东方园林,,,100271236,,,,,600,12090,3.02,0,12.09,0,0,0,12074.89,,,,,,,,,,,,,100271236,,,,,,,,,102
,9001,SZ20150202900113755,20150202,40001,股票卖出,559,万向钱潮,,,100271236,,,,,1200,15156,3.79,0,15.16,0,0,0,15137.05,,,,,,,,,,,,,100271236,,,,,,,,,102
,9001,SZ20150202900113759,20150202,40001,股票卖出,2008,大族激光,,,100271236,,,,,900,15660,3.92,0,15.66,0,0,0,15640.42,,,,,,,,,,,,,100271236,,,,,,,,,102
,9001,SZ20150202900113766,20150202,40001,股票卖出,778,新兴铸管,,,100271236,,,,,2400,12768,3.19,0,12.77,0,0,0,12752.04,,,,,,,,,,,,,100271236,,,,,,,,,102
,9001,SZ20150202900113767,20150202,40001,股票卖出,1,平安银行,,,100271236,,,,,6300,86373,21.59,0,86.37,0,0,0,86265.04,,,,,,,,,,,,,100271236,,,,,,,,,102
,9001,SZ20150202900113773,20150202,40001,股票卖出,9,中国宝安,,,100271236,,,,,1800,23166,5.79,0,23.17,0,0,0,23137.04,,,,,,,,,,,,,100271236,,,,,,,,,102
,9001,SZ20150202900113775,20150202,40001,股票卖出,2051,中工国际,,,100271236,,,,,300,7545,1.89,0,7.55,0,0,0,7535.56,,,,,,,,,,,,,100271236,,,,,,,,,102
,9001,SZ20150202900113776,20150202,40001,股票卖出,2416,爱施德,,,100271236,,,,,300,3594,0.9,0,3.59,0,0,0,3589.51,,,,,,,,,,,,,100271236,,,,,,,,,102
,9001,SZ20150202900113780,20150202,40001,股票卖出,839,中信国安,,,100271236,,,,,1200,15768,3.94,0,15.77,0,0,0,15748.29,,,,,,,,,,,,,100271236,,,,,,,,,102
,9001,SZ20150202900113789,20150202,40001,股票卖出,2024,苏宁云商,,,100271236,,,,,5100,54825,13.71,0,54.83,0,0,0,54756.46,,,,,,,,,,,,,100271236,,,,,,,,,102
,9001,SZ20150202900113790,20150202,40001,股票卖出,400,许继电气,,,100271236,,,,,600,14160,3.54,0,14.16,0,0,0,14142.3,,,,,,,,,,,,,100271236,,,,,,,,,102
,9001,SZ20150202900113792,20150202,40001,股票卖出,858,五 粮 液,,,100271236,,,,,2100,45213,11.3,0,45.22,0,0,0,45156.48,,,,,,,,,,,,,100271236,,,,,,,,,102
,9001,SZ20150202900113793,20150202,40001,股票卖出,300027,华谊兄弟,,,100271236,,,,,900,25020,6.26,0,25.02,0,0,0,24988.72,,,,,,,,,,,,,100271236,,,,,,,,,102
,9001,SZ20150202900113796,20150202,40001,股票卖出,538,云南白药,,,100271236,,,,,600,37560,9.39,0,37.56,0,0,0,37513.05,,,,,,,,,,,,,100271236,,,,,,,,,102
,9001,SZ20150202900113799,20150202,40001,股票卖出,2673,西部证券,,,100271236,,,,,600,17352,4.34,0,17.35,0,0,0,17330.31,,,,,,,,,,,,,100271236,,,,,,,,,102
,9001,SZ20150202900113804,20150202,40001,股票卖出,709,河北钢铁,,,100271236,,,,,4800,16080,4.02,0,16.08,0,0,0,16059.9,,,,,,,,,,,,,100271236,,,,,,,,,102
,9001,SZ20150202900113805,20150202,40001,股票卖出,625,长安汽车,,,100271236,,,,,2400,46392,11.6,0,46.39,0,0,0,46334.01,,,,,,,,,,,,,100271236,,,,,,,,,102
,9001,SZ20150202900113808,20150202,40001,股票卖出,630,铜陵有色,,,100271236,,,,,900,12780,3.2,0,12.78,0,0,0,12764.02,,,,,,,,,,,,,100271236,,,,,,,,,102
,9001,SZ20150202900113813,20150202,40001,股票卖出,963,华东医药,,,100271236,,,,,300,16353,4.09,0,16.35,0,0,0,16332.56,,,,,,,,,,,,,100271236,,,,,,,,,102
,9001,SZ20150202900113819,20150202,40001,股票卖出,2429,兆驰股份,,,100271236,,,,,600,5064,1.27,0,5.06,0,0,0,5057.67,,,,,,,,,,,,,100271236,,,,,,,,,102
,9001,SZ20150202900113595,20150202,40001,股票卖出,686,东北证券,,,100271236,,,,,1200,19272,4.82,0,19.27,0,0,0,19247.91,,,,,,,,,,,,,100271236,,,,,,,,,102
,9001,SZ20150202900113694,20150202,40001,股票卖出,2475,立讯精密,,,100271236,,,,,300,10206,2.55,0,10.21,0,0,0,10193.24,,,,,,,,,,,,,100271236,,,,,,,,,102
,9001,SZ20150202900113762,20150202,40001,股票卖出,2007,华兰生物,,,100271236,,,,,300,10842,2.71,0,10.84,0,0,0,10828.45,,,,,,,,,,,,,100271236,,,,,,,,,102
,9001,SZ20150202900113549,20150202,40001,股票卖出,768,中航飞机,,,100271236,,,,,1500,37725,9.43,0,37.73,0,0,0,37677.84,,,,,,,,,,,,,100271236,,,,,,,,,102
,9001,SZ20150202900113718,20150202,40001,股票卖出,792,盐湖股份,,,100271236,,,,,600,16242,4.06,0,16.24,0,0,0,16221.7,,,,,,,,,,,,,100271236,,,,,,,,,102
,9001,SZ20150202900113798,20150202,40001,股票卖出,793,华闻传媒,,,100271236,,,,,1200,16380,4.1,0,16.38,0,0,0,16359.52,,,,,,,,,,,,,100271236,,,,,,,,,102
,9001,SZ20150202900113596,20150202,40001,股票卖出,970,中科三环,,,100271236,,,,,900,15129,3.78,0,15.13,0,0,0,15110.09,,,,,,,,,,,,,100271236,,,,,,,,,102
,9001,SZ20150202900113629,20150202,40001,股票卖出,338,潍柴动力,,,100271236,,,,,1200,31356,7.84,0,31.36,0,0,0,31316.8,,,,,,,,,,,,,100271236,,,,,,,,,102
,9001,SZ20150202900113657,20150202,40001,股票卖出,728,国元证券,,,100271236,,,,,1200,36180,9.05,0,36.18,0,0,0,36134.77,,,,,,,,,,,,,100271236,,,,,,,,,102
,9001,SZ20150202900113737,20150202,40001,股票卖出,166,申万宏源,,,100271236,,,,,5100,81549,20.39,0,81.56,0,0,0,81447.05,,,,,,,,,,,,,100271236,,,,,,,,,102
,9001,SZ20150202900113547,20150202,40001,股票卖出,960,锡业股份,,,100271236,,,,,900,16614,4.15,0,16.61,0,0,0,16593.24,,,,,,,,,,,,,100271236,,,,,,,,,102
,9001,SZ20150202900113552,20150202,40001,股票卖出,401,冀东水泥,,,100271236,,,,,600,7062,1.77,0,7.06,0,0,0,7053.17,,,,,,,,,,,,,100271236,,,,,,,,,102
,9001,SZ20150202900113587,20150202,40001,股票卖出,333,美的集团,,,100271236,,,,,2400,70296,17.57,0,70.3,0,0,0,70208.13,,,,,,,,,,,,,100271236,,,,,,,,,102
,9001,SZ20150202900113623,20150202,40001,股票卖出,776,广发证券,,,100271236,,,,,3300,70752,17.69,0,70.75,0,0,0,70663.56,,,,,,,,,,,,,100271236,,,,,,,,,102
,9001,SZ20150202900113810,20150202,40001,股票卖出,2410,广联达,,,100271236,,,,,300,9510,2.38,0,9.51,0,0,0,9498.11,,,,,,,,,,,,,100271236,,,,,,,,,102
,9001,SZ20150202900113608,20150202,40001,股票卖出,300133,华策影视,,,100271236,,,,,300,8685,2.17,0,8.68,0,0,0,8674.15,,,,,,,,,,,,,100271236,,,,,,,,,102
,9001,SZ20150202900113604,20150202,40001,股票卖出,651,格力电器,,,100271236,,,,,2700,108081,27.02,0,108.07,0,0,0,107945.91,,,,,,,,,,,,,100271236,,,,,,,,,102
,9001,SZ20150202900113644,20150202,40001,股票卖出,917,电广传媒,,,100271236,,,,,900,15219,3.8,0,15.22,0,0,0,15199.98,,,,,,,,,,,,,100271236,,,,,,,,,102
,9001,SZ20150202900113848,20150202,40001,股票卖出,970,中科三环,,,100271236,,,,,900,15120,3.78,0,15.12,0,0,0,15101.1,,,,,,,,,,,,,100271236,,,,,,,,,102
,9001,SZ20150202900113849,20150202,40001,股票卖出,156,华数传媒,,,100271236,,,,,300,8355,2.09,0,8.36,0,0,0,8344.55,,,,,,,,,,,,,100271236,,,,,,,,,102
,9001,SZ20150202900113853,20150202,40001,股票卖出,960,锡业股份,,,100271236,,,,,900,16605,4.15,0,16.61,0,0,0,16584.24,,,,,,,,,,,,,100271236,,,,,,,,,102
,9001,SZ20150202900113863,20150202,40001,股票卖出,2024,苏宁云商,,,100271236,,,,,5100,54825,13.71,0,54.83,0,0,0,54756.46,,,,,,,,,,,,,100271236,,,,,,,,,102
,9001,SZ20150202900113882,20150202,40001,股票卖出,2375,亚厦股份,,,100271236,,,,,300,6528,1.63,0,6.53,0,0,0,6519.84,,,,,,,,,,,,,100271236,,,,,,,,,102
,9001,SZ20150202900113844,20150202,40001,股票卖出,503,海虹控股,,,100271236,,,,,900,33642,8.41,0,33.64,0,0,0,33599.95,,,,,,,,,,,,,100271236,,,,,,,,,102
,9001,SZ20150202900113912,20150202,40001,股票卖出,898,鞍钢股份,,,100271236,,,,,2100,10878,2.72,0,10.88,0,0,0,10864.4,,,,,,,,,,,,,100271236,,,,,,,,,102
,9001,SZ20150202900113917,20150202,40001,股票卖出,598,兴蓉投资,,,100271236,,,,,2100,15351,3.84,0,15.35,0,0,0,15331.81,,,,,,,,,,,,,100271236,,,,,,,,,102
,9001,SZ20150202900113920,20150202,40001,股票卖出,2570,贝因美,,,100271236,,,,,600,9678,2.42,0,9.68,0,0,0,9665.9,,,,,,,,,,,,,100271236,,,,,,,,,102
,9001,SZ20150202900113931,20150202,40001,股票卖出,895,双汇发展,,,100271236,,,,,600,19332,4.83,0,19.33,0,0,0,19307.84,,,,,,,,,,,,,100271236,,,,,,,,,102
,9001,SZ20150202900113940,20150202,40001,股票卖出,338,潍柴动力,,,100271236,,,,,1200,31344,7.84,0,31.34,0,0,0,31304.82,,,,,,,,,,,,,100271236,,,,,,,,,102
,9001,SZ20150202900113941,20150202,40001,股票卖出,157,中联重科,,,100271236,,,,,4800,29088,7.27,0,29.09,0,0,0,29051.64,,,,,,,,,,,,,100271236,,,,,,,,,102
,9001,SZ20150202900113942,20150202,40001,股票卖出,27,深圳能源,,,100271236,,,,,900,9351,2.34,0,9.35,0,0,0,9339.31,,,,,,,,,,,,,100271236,,,,,,,,,102
,9001,SZ20150202900113951,20150202,40001,股票卖出,61,农 产 品,,,100271236,,,,,1500,19020,4.76,0,19.02,0,0,0,18996.22,,,,,,,,,,,,,100271236,,,,,,,,,102
,9001,SZ20150202900113954,20150202,40001,股票卖出,793,华闻传媒,,,100271236,,,,,1200,16380,4.1,0,16.38,0,0,0,16359.52,,,,,,,,,,,,,100271236,,,,,,,,,102
,9001,SZ20150202900113957,20150202,40001,股票卖出,2038,双鹭药业,,,100271236,,,,,300,12429,3.11,0,12.43,0,0,0,12413.46,,,,,,,,,,,,,100271236,,,,,,,,,102
,9001,SZ20150202900113958,20150202,40001,股票卖出,413,东旭光电,,,100271236,,,,,1800,14130,3.53,0,14.13,0,0,0,14112.34,,,,,,,,,,,,,100271236,,,,,,,,,102
,9001,SZ20150202900113966,20150202,40001,股票卖出,300070,碧水源,,,100271236,,,,,600,20172,5.04,0,20.17,0,0,0,20146.79,,,,,,,,,,,,,100271236,,,,,,,,,102
,9001,SZ20150202900113967,20150202,40001,股票卖出,778,新兴铸管,,,100271236,,,,,2400,12768,3.19,0,12.76,0,0,0,12752.05,,,,,,,,,,,,,100271236,,,,,,,,,102
,9001,SZ20150202900113973,20150202,40001,股票卖出,750,国海证券,,,100271236,,,,,900,13581,3.4,0,13.58,0,0,0,13564.02,,,,,,,,,,,,,100271236,,,,,,,,,102
,9001,SZ20150202900113979,20150202,40001,股票卖出,100,TCL 集团,,,100271236,,,,,8400,32088,8.02,0,32.09,0,0,0,32047.89,,,,,,,,,,,,,100271236,,,,,,,,,102
,9001,SZ20150202900113983,20150202,40001,股票卖出,876,新 希 望,,,100271236,,,,,600,9234,2.31,0,9.23,0,0,0,9222.46,,,,,,,,,,,,,100271236,,,,,,,,,102
,9001,SZ20150202900113985,20150202,40001,股票卖出,2008,大族激光,,,100271236,,,,,900,15660,3.92,0,15.66,0,0,0,15640.42,,,,,,,,,,,,,100271236,,,,,,,,,102
,9001,SZ20150202900113989,20150202,40001,股票卖出,2416,爱施德,,,100271236,,,,,300,3594,0.9,0,3.59,0,0,0,3589.51,,,,,,,,,,,,,100271236,,,,,,,,,102
,9001,SZ20150202900113995,20150202,40001,股票卖出,709,河北钢铁,,,100271236,,,,,4800,16080,4.02,0,16.08,0,0,0,16059.9,,,,,,,,,,,,,100271236,,,,,,,,,102
,9001,SZ20150202900114006,20150202,40001,股票卖出,2399,海普瑞,,,100271236,,,,,300,8310,2.08,0,8.31,0,0,0,8299.61,,,,,,,,,,,,,100271236,,,,,,,,,102
,9001,SZ20150202900114012,20150202,40001,股票卖出,630,铜陵有色,,,100271236,,,,,900,12780,3.2,0,12.78,0,0,0,12764.02,,,,,,,,,,,,,100271236,,,,,,,,,102
,9001,SZ20150202900114020,20150202,40001,股票卖出,1,平安银行,,,100271236,,,,,6300,86310,21.58,0,86.31,0,0,0,86202.11,,,,,,,,,,,,,100271236,,,,,,,,,102
,9001,SZ20150202900114021,20150202,40001,股票卖出,300133,华策影视,,,100271236,,,,,300,8676,2.17,0,8.68,0,0,0,8665.15,,,,,,,,,,,,,100271236,,,,,,,,,102
,9001,SZ20150202900114030,20150202,40001,股票卖出,300024,机器人,,,100271236,,,,,600,24006,6,0,24.01,0,0,0,23975.99,,,,,,,,,,,,,100271236,,,,,,,,,102
,9001,SZ20150202900114031,20150202,40001,股票卖出,858,五 粮 液,,,100271236,,,,,2100,45192,11.3,0,45.19,0,0,0,45135.51,,,,,,,,,,,,,100271236,,,,,,,,,102
,9001,SZ20150202900114033,20150202,40001,股票卖出,2673,西部证券,,,100271236,,,,,600,17340,4.34,0,17.34,0,0,0,17318.32,,,,,,,,,,,,,100271236,,,,,,,,,102
,9001,SZ20150202900114044,20150202,40001,股票卖出,937,冀中能源,,,100271236,,,,,900,6921,1.73,0,6.92,0,0,0,6912.35,,,,,,,,,,,,,100271236,,,,,,,,,102
,9001,SZ20150202900114048,20150202,40001,股票卖出,2450,康得新,,,100271236,,,,,900,28530,7.13,0,28.53,0,0,0,28494.34,,,,,,,,,,,,,100271236,,,,,,,,,102
,9001,SZ20150202900114086,20150202,40001,股票卖出,2252,上海莱士,,,100271236,,,,,300,13881,3.47,0,13.88,0,0,0,13863.65,,,,,,,,,,,,,100271236,,,,,,,,,102
,9001,SZ20150202900114049,20150202,40001,股票卖出,2410,广联达,,,100271236,,,,,300,9507,2.38,0,9.51,0,0,0,9495.11,,,,,,,,,,,,,100271236,,,,,,,,,102
,9001,SZ20150202900114065,20150202,40001,股票卖出,63,中兴通讯,,,100271236,,,,,2100,39585,9.9,0,39.59,0,0,0,39535.51,,,,,,,,,,,,,100271236,,,,,,,,,102
,9001,SZ20150202900114074,20150202,40001,股票卖出,2051,中工国际,,,100271236,,,,,300,7545,1.89,0,7.55,0,0,0,7535.56,,,,,,,,,,,,,100271236,,,,,,,,,102
,9001,SZ20150202900114075,20150202,40001,股票卖出,2294,信立泰,,,100271236,,,,,300,11337,2.83,0,11.34,0,0,0,11322.83,,,,,,,,,,,,,100271236,,,,,,,,,102
,9001,SZ20150202900114076,20150202,40001,股票卖出,2001,新 和 成,,,100271236,,,,,600,9084,2.27,0,9.08,0,0,0,9072.65,,,,,,,,,,,,,100271236,,,,,,,,,102
,9001,SZ20150202900114080,20150202,40001,股票卖出,729,燕京啤酒,,,100271236,,,,,1500,12315,3.08,0,12.32,0,0,0,12299.6,,,,,,,,,,,,,100271236,,,,,,,,,102
,9001,SZ20150202900114096,20150202,40001,股票卖出,2400,省广股份,,,100271236,,,,,600,15660,3.92,0,15.66,0,0,0,15640.42,,,,,,,,,,,,,100271236,,,,,,,,,102
,9001,SZ20150202900114106,20150202,40001,股票卖出,2603,以岭药业,,,100271236,,,,,300,9174,2.29,0,9.17,0,0,0,9162.54,,,,,,,,,,,,,100271236,,,,,,,,,102
,9001,SZ20150202900114109,20150202,40001,股票卖出,917,电广传媒,,,100271236,,,,,900,15210,3.8,0,15.21,0,0,0,15190.99,,,,,,,,,,,,,100271236,,,,,,,,,102
,9001,SZ20150202900114114,20150202,40001,股票卖出,2429,兆驰股份,,,100271236,,,,,600,5064,1.27,0,5.06,0,0,0,5057.67,,,,,,,,,,,,,100271236,,,,,,,,,102
,9001,SZ20150202900114118,20150202,40001,股票卖出,568,泸州老窖,,,100271236,,,,,900,16830,4.21,0,16.83,0,0,0,16808.96,,,,,,,,,,,,,100271236,,,,,,,,,102
,9001,SZ20150202900114121,20150202,40001,股票卖出,878,云南铜业,,,100271236,,,,,900,11880,2.97,0,11.88,0,0,0,11865.15,,,,,,,,,,,,,100271236,,,,,,,,,102
,9001,SZ20150202900114122,20150202,40001,股票卖出,983,西山煤电,,,100271236,,,,,1800,13716,3.43,0,13.72,0,0,0,13698.85,,,,,,,,,,,,,100271236,,,,,,,,,102
,9001,SZ20150202900114126,20150202,40001,股票卖出,2081,金 螳 螂,,,100271236,,,,,900,20205,5.05,0,20.21,0,0,0,20179.74,,,,,,,,,,,,,100271236,,,,,,,,,102
,9001,SZ20150202900114129,20150202,40001,股票卖出,825,太钢不锈,,,100271236,,,,,2700,13068,3.27,0,13.07,0,0,0,13051.66,,,,,,,,,,,,,100271236,,,,,,,,,102
,9001,SZ20150202900114000,20150202,40001,股票卖出,2470,金正大,,,100271236,,,,,300,9534,2.38,0,9.53,0,0,0,9522.09,,,,,,,,,,,,,100271236,,,,,,,,,102
,9001,SZ20150202900114084,20150202,40001,股票卖出,839,中信国安,,,100271236,,,,,1200,15768,3.94,0,15.77,0,0,0,15748.29,,,,,,,,,,,,,100271236,,,,,,,,,102
,9001,SZ20150202900114071,20150202,40001,股票卖出,2415,海康威视,,,100271236,,,,,1500,40995,10.25,0,41,0,0,0,40943.75,,,,,,,,,,,,,100271236,,,,,,,,,102
,9001,SZ20150202900113669,20150202,40001,股票卖出,2415,海康威视,,,100271236,,,,,1500,41025,10.26,0,41.03,0,0,0,40973.71,,,,,,,,,,,,,100271236,,,,,,,,,102
,9001,SZ20150202900114010,20150202,40001,股票卖出,2344,海宁皮城,,,100271236,,,,,600,9270,2.32,0,9.27,0,0,0,9258.41,,,,,,,,,,,,,100271236,,,,,,,,,102
,9001,SZ20150202900114041,20150202,40001,股票卖出,2230,科大讯飞,,,100271236,,,,,600,19518,4.88,0,19.52,0,0,0,19493.6,,,,,,,,,,,,,100271236,,,,,,,,,102
,9001,SZ20150202900113987,20150202,40001,股票卖出,2142,宁波银行,,,100271236,,,,,1200,16440,4.11,0,16.44,0,0,0,16419.45,,,,,,,,,,,,,100271236,,,,,,,,,102
,9001,SZ20150202900113908,20150202,40001,股票卖出,800,一汽轿车,,,100271236,,,,,900,15615,3.9,0,15.62,0,0,0,15595.48,,,,,,,,,,,,,100271236,,,,,,,,,102
,9001,SZ20150202900114032,20150202,40001,股票卖出,9,中国宝安,,,100271236,,,,,1800,23166,5.79,0,23.17,0,0,0,23137.04,,,,,,,,,,,,,100271236,,,,,,,,,102
,9001,SZ20150202900113873,20150202,40001,股票卖出,60,中金岭南,,,100271236,,,,,1500,15495,3.87,0,15.5,0,0,0,15475.63,,,,,,,,,,,,,100271236,,,,,,,,,102
,9001,SZ20150202900113742,20150202,40001,股票卖出,2294,信立泰,,,100271236,,,,,300,11340,2.84,0,11.34,0,0,0,11325.82,,,,,,,,,,,,,100271236,,,,,,,,,102
,9001,SZ20150202900114019,20150202,40001,股票卖出,2236,大华股份,,,100271236,,,,,600,15666,3.92,0,15.67,0,0,0,15646.41,,,,,,,,,,,,,100271236,,,,,,,,,102
,9001,SZ20150202900113911,20150202,40001,股票卖出,768,中航飞机,,,100271236,,,,,1500,37680,9.42,0,37.68,0,0,0,37632.9,,,,,,,,,,,,,100271236,,,,,,,,,102
,9001,SZ20150202900113887,20150202,40001,股票卖出,651,格力电器,,,100271236,,,,,2700,108027,27.01,0,108.02,0,0,0,107891.97,,,,,,,,,,,,,100271236,,,,,,,,,102
,9001,SZ20150202900113929,20150202,40001,股票卖出,629,攀钢钒钛,,,100271236,,,,,4800,14640,3.66,0,14.66,0,0,0,14621.68,,,,,,,,,,,,,100271236,,,,,,,,,102
,9001,SZ20150202900113832,20150202,40001,股票卖出,729,燕京啤酒,,,100271236,,,,,1500,12330,3.08,0,12.33,0,0,0,12314.59,,,,,,,,,,,,,100271236,,,,,,,,,102
,9001,SZ20150202900113900,20150202,40001,股票卖出,625,长安汽车,,,100271236,,,,,2400,46392,11.6,0,46.39,0,0,0,46334.01,,,,,,,,,,,,,100271236,,,,,,,,,102
,9001,SZ20150202900113585,20150202,40001,股票卖出,750,国海证券,,,100271236,,,,,900,13590,3.4,0,13.59,0,0,0,13573.01,,,,,,,,,,,,,100271236,,,,,,,,,102
,9001,SZ20150202900113607,20150202,40001,股票卖出,2252,上海莱士,,,100271236,,,,,300,13884,3.47,0,13.88,0,0,0,13866.65,,,,,,,,,,,,,100271236,,,,,,,,,102
,9001,SZ20150202900113952,20150202,40001,股票卖出,2422,科伦药业,,,100271236,,,,,300,9912,2.48,0,9.91,0,0,0,9899.61,,,,,,,,,,,,,100271236,,,,,,,,,102
,9001,SZ20150202900113914,20150202,40001,股票卖出,300146,汤臣倍健,,,100271236,,,,,300,8445,2.11,0,8.45,0,0,0,8434.44,,,,,,,,,,,,,100271236,,,,,,,,,102
,9001,SZ20150202900113937,20150202,40001,股票卖出,300058,蓝色光标,,,100271236,,,,,600,15102,3.78,0,15.1,0,0,0,15083.12,,,,,,,,,,,,,100271236,,,,,,,,,102
,9001,SZ20150202900113758,20150202,40001,股票卖出,503,海虹控股,,,100271236,,,,,900,33660,8.42,0,33.66,0,0,0,33617.92,,,,,,,,,,,,,100271236,,,,,,,,,102
,9001,SZ20150202900114038,20150202,40001,股票卖出,2500,山西证券,,,100271236,,,,,1200,15936,3.98,0,15.94,0,0,0,15916.08,,,,,,,,,,,,,100271236,,,,,,,,,102
,9001,SZ20150202900114057,20150202,40001,股票卖出,2475,立讯精密,,,100271236,,,,,300,10203,2.55,0,10.2,0,0,0,10190.25,,,,,,,,,,,,,100271236,,,,,,,,,102
,9001,SZ20150202900113874,20150202,40001,股票卖出,425,徐工机械,,,100271236,,,,,1500,17235,4.31,0,17.24,0,0,0,17213.45,,,,,,,,,,,,,100271236,,,,,,,,,102
,9001,SZ20150202900113769,20150202,40001,股票卖出,581,威孚高科,,,100271236,,,,,600,17346,4.34,0,17.35,0,0,0,17324.31,,,,,,,,,,,,,100271236,,,,,,,,,102
,9001,SZ20150202900113883,20150202,40001,股票卖出,581,威孚高科,,,100271236,,,,,600,17328,4.33,0,17.33,0,0,0,17306.34,,,,,,,,,,,,,100271236,,,,,,,,,102
,9001,SZ20150202900114043,20150202,40001,股票卖出,300015,爱尔眼科,,,100271236,,,,,300,9570,2.39,0,9.57,0,0,0,9558.04,,,,,,,,,,,,,100271236,,,,,,,,,102
,9001,SZ20150202900113570,20150202,40001,股票卖出,300015,爱尔眼科,,,100271236,,,,,300,9579,2.39,0,9.58,0,0,0,9567.03,,,,,,,,,,,,,100271236,,,,,,,,,102
,9001,SZ20150202900114053,20150202,40001,股票卖出,536,华映科技,,,100271236,,,,,300,4995,1.25,0,5,0,0,0,4988.75,,,,,,,,,,,,,100271236,,,,,,,,,102
,9001,SZ20150202900113980,20150202,40001,股票卖出,2653,海思科,,,100271236,,,,,300,6756,1.69,0,6.75,0,0,0,6747.56,,,,,,,,,,,,,100271236,,,,,,,,,102
,9001,SZ20150202900113736,20150202,40001,股票卖出,2653,海思科,,,100271236,,,,,300,6759,1.69,0,6.76,0,0,0,6750.55,,,,,,,,,,,,,100271236,,,,,,,,,102
,9001,SZ20150202900113907,20150202,40001,股票卖出,725,京东方Ａ,,,100271236,,,,,11400,34884,8.72,0,34.89,0,0,0,34840.39,,,,,,,,,,,,,100271236,,,,,,,,,102
,9001,SZ20150202900113847,20150202,40001,股票卖出,401,冀东水泥,,,100271236,,,,,600,7056,1.76,0,7.06,0,0,0,7047.18,,,,,,,,,,,,,100271236,,,,,,,,,102
,9001,SZ20150202900113866,20150202,40001,股票卖出,792,盐湖股份,,,100271236,,,,,600,16206,4.05,0,16.21,0,0,0,16185.74,,,,,,,,,,,,,100271236,,,,,,,,,102
,9001,SZ20150202900113879,20150202,40001,股票卖出,776,广发证券,,,100271236,,,,,3300,70620,17.66,0,70.62,0,0,0,70531.72,,,,,,,,,,,,,100271236,,,,,,,,,102
,9001,SZ20150202900114002,20150202,40001,股票卖出,402,金 融 街,,,100271236,,,,,2700,27162,6.79,0,27.16,0,0,0,27128.05,,,,,,,,,,,,,100271236,,,,,,,,,102
,9001,SZ20150202900113864,20150202,40001,股票卖出,423,东阿阿胶,,,100271236,,,,,600,22992,5.75,0,22.99,0,0,0,22963.26,,,,,,,,,,,,,100271236,,,,,,,,,102
,9001,SZ20150202900113579,20150202,40001,股票卖出,60,中金岭南,,,100271236,,,,,1500,15510,3.88,0,15.51,0,0,0,15490.61,,,,,,,,,,,,,100271236,,,,,,,,,102
,9001,SZ20150202900113928,20150202,40001,股票卖出,2304,洋河股份,,,100271236,,,,,300,22842,5.71,0,22.84,0,0,0,22813.45,,,,,,,,,,,,,100271236,,,,,,,,,102
,9001,SZ20150202900113974,20150202,40001,股票卖出,963,华东医药,,,100271236,,,,,300,16353,4.09,0,16.35,0,0,0,16332.56,,,,,,,,,,,,,100271236,,,,,,,,,102
,9001,SZ20150202900113997,20150202,40001,股票卖出,559,万向钱潮,,,100271236,,,,,1200,15156,3.79,0,15.17,0,0,0,15137.04,,,,,,,,,,,,,100271236,,,,,,,,,102
,9001,SZ20150202900113858,20150202,40001,股票卖出,783,长江证券,,,100271236,,,,,3600,47088,11.77,0,47.09,0,0,0,47029.14,,,,,,,,,,,,,100271236,,,,,,,,,102
,9001,SZ20150202900113553,20150202,40001,股票卖出,2304,洋河股份,,,100271236,,,,,300,22860,5.72,0,22.86,0,0,0,22831.42,,,,,,,,,,,,,100271236,,,,,,,,,102
,9001,SZ20150202900114102,20150202,40001,股票卖出,728,国元证券,,,100271236,,,,,1200,36156,9.04,0,36.16,0,0,0,36110.8,,,,,,,,,,,,,100271236,,,,,,,,,102
,9001,SZ20150202900113944,20150202,40001,股票卖出,686,东北证券,,,100271236,,,,,1200,19260,4.82,0,19.26,0,0,0,19235.92,,,,,,,,,,,,,100271236,,,,,,,,,102
,9001,SZ20150202900113899,20150202,40001,股票卖出,831,五矿稀土,,,100271236,,,,,600,22242,5.56,0,22.24,0,0,0,22214.2,,,,,,,,,,,,,100271236,,,,,,,,,102
,9001,SZ20150202900114128,20150202,40001,股票卖出,826,桑德环境,,,100271236,,,,,600,16902,4.23,0,16.9,0,0,0,16880.87,,,,,,,,,,,,,100271236,,,,,,,,,102
,9001,SZ20150202900114070,20150202,40001,股票卖出,2065,东华软件,,,100271236,,,,,900,22221,5.56,0,22.22,0,0,0,22193.22,,,,,,,,,,,,,100271236,,,,,,,,,102
,9001,SZ20150202900114004,20150202,40001,股票卖出,869,张  裕Ａ,,,100271236,,,,,300,10116,2.53,0,10.12,0,0,0,10103.35,,,,,,,,,,,,,100271236,,,,,,,,,102
,9001,SZ20150202900113878,20150202,40001,股票卖出,623,吉林敖东,,,100271236,,,,,900,27324,6.83,0,27.32,0,0,0,27289.85,,,,,,,,,,,,,100271236,,,,,,,,,102
,9001,SZ20150202900114040,20150202,40001,股票卖出,2,万  科Ａ,,,100271236,,,,,10800,141696,35.42,0,141.7,0,0,0,141518.88,,,,,,,,,,,,,100271236,,,,,,,,,102
,9001,SZ20150202900113901,20150202,40001,股票卖出,300017,网宿科技,,,100271236,,,,,300,19767,4.94,0,19.77,0,0,0,19742.29,,,,,,,,,,,,,100271236,,,,,,,,,102
,9001,SZ20150202900114103,20150202,40001,股票卖出,2310,东方园林,,,100271236,,,,,600,12102,3.03,0,12.1,0,0,0,12086.87,,,,,,,,,,,,,100271236,,,,,,,,,102
,9001,SZ20150202900113606,20150202,40001,股票卖出,536,华映科技,,,100271236,,,,,300,4998,1.25,0,5,0,0,0,4991.75,,,,,,,,,,,,,100271236,,,,,,,,,102
,9001,SZ20150202900113625,20150202,40001,股票卖出,783,长江证券,,,100271236,,,,,3600,47160,11.79,0,47.16,0,0,0,47101.05,,,,,,,,,,,,,100271236,,,,,,,,,102
,9001,SZ20150202900113809,20150202,40001,股票卖出,878,云南铜业,,,100271236,,,,,900,11889,2.97,0,11.89,0,0,0,11874.14,,,,,,,,,,,,,100271236,,,,,,,,,102
,9001,SZ20150202900113630,20150202,40001,股票卖出,27,深圳能源,,,100271236,,,,,900,9369,2.34,0,9.37,0,0,0,9357.29,,,,,,,,,,,,,100271236,,,,,,,,,102
,9001,SZ20150202900114098,20150202,40001,股票卖出,999,华润三九,,,100271236,,,,,300,7395,1.85,0,7.4,0,0,0,7385.75,,,,,,,,,,,,,100271236,,,,,,,,,102
,9001,SZ20150202900114029,20150202,40001,股票卖出,333,美的集团,,,100271236,,,,,2400,70272,17.57,0,70.28,0,0,0,70184.15,,,,,,,,,,,,,100271236,,,,,,,,,102
,9001,SZ20150202900113933,20150202,40001,股票卖出,400,许继电气,,,100271236,,,,,600,14166,3.54,0,14.17,0,0,0,14148.29,,,,,,,,,,,,,100271236,,,,,,,,,102
,9001,SZ20150202900114009,20150202,40001,股票卖出,2153,石基信息,,,100271236,,,,,300,23007,5.75,0,23.01,0,0,0,22978.24,,,,,,,,,,,,,100271236,,,,,,,,,102
,9001,SZ20150202900113946,20150202,40001,股票卖出,2241,歌尔声学,,,100271236,,,,,900,25578,6.39,0,25.57,0,0,0,25546.04,,,,,,,,,,,,,100271236,,,,,,,,,102
,9001,SZ20150202900114091,20150202,40001,股票卖出,300027,华谊兄弟,,,100271236,,,,,900,24975,6.24,0,24.99,0,0,0,24943.77,,,,,,,,,,,,,100271236,,,,,,,,,102
,9001,SZ20150202900113656,20150202,40001,股票卖出,2,万  科Ａ,,,100271236,,,,,10800,141912,35.48,0,141.91,0,0,0,141734.61,,,,,,,,,,,,,100271236,,,,,,,,,102
,9001,SZ20150202900113562,20150202,40001,股票卖出,2241,歌尔声学,,,100271236,,,,,900,25587,6.4,0,25.59,0,0,0,25555.01,,,,,,,,,,,,,100271236,,,,,,,,,102
,9001,SZ20150202900114077,20150202,40001,股票卖出,2594,比亚迪,,,100271236,,,,,600,23118,5.78,0,23.12,0,0,0,23089.1,,,,,,,,,,,,,100271236,,,,,,,,,102
,9001,SZ20150202900113674,20150202,40001,股票卖出,2081,金 螳 螂,,,100271236,,,,,900,20214,5.05,0,20.21,0,0,0,20188.74,,,,,,,,,,,,,100271236,,,,,,,,,102
,9001,SZ20150202900113934,20150202,40001,股票卖出,2202,金风科技,,,100271236,,,,,1800,26316,6.58,0,26.31,0,0,0,26283.11,,,,,,,,,,,,,100271236,,,,,,,,,102
,9001,SZ20150202900114039,20150202,40001,股票卖出,538,云南白药,,,100271236,,,,,600,37560,9.39,0,37.56,0,0,0,37513.05,,,,,,,,,,,,,100271236,,,,,,,,,102
,9001,SZ20150202900114068,20150202,40001,股票卖出,39,中集集团,,,100271236,,,,,900,17190,4.3,0,17.19,0,0,0,17168.51,,,,,,,,,,,,,100271236,,,,,,,,,102
,9001,SZ20150202900114072,20150202,40001,股票卖出,2456,欧菲光,,,100271236,,,,,600,13170,3.29,0,13.17,0,0,0,13153.54,,,,,,,,,,,,,100271236,,,,,,,,,102
,9001,SZ20150202900113710,20150202,40001,股票卖出,39,中集集团,,,100271236,,,,,900,17199,4.3,0,17.2,0,0,0,17177.5,,,,,,,,,,,,,100271236,,,,,,,,,102
,9001,SZ20150202900114105,20150202,40001,股票卖出,166,申万宏源,,,100271236,,,,,5100,81498,20.37,0,81.5,0,0,0,81396.13,,,,,,,,,,,,,100271236,,,,,,,,,102
,9001,SZ20150202900114014,20150202,40001,股票卖出,2353,杰瑞股份,,,100271236,,,,,600,21066,5.27,0,21.07,0,0,0,21039.66,,,,,,,,,,,,,100271236,,,,,,,,,102
,9001,SZ20150202900114011,20150202,40001,股票卖出,2007,华兰生物,,,100271236,,,,,300,10836,2.71,0,10.84,0,0,0,10822.45,,,,,,,,,,,,,100271236,,,,,,,,,102
,9001,SZ20150202900113871,20150202,40001,股票卖出,2292,奥飞动漫,,,100271236,,,,,300,10242,2.56,0,10.24,0,0,0,10229.2,,,,,,,,,,,,,100271236,,,,,,,,,102
,9001,SZ20150202900113618,20150202,40001,股票卖出,2292,奥飞动漫,,,100271236,,,,,300,10260,2.57,0,10.26,0,0,0,10247.17,,,,,,,,,,,,,100271236,,,,,,,,,102
,9001,SZ20150202900114093,20150202,40001,股票卖出,24,招商地产,,,100271236,,,,,1200,32220,8.06,0,32.22,0,0,0,32179.72,,,,,,,,,,,,,100271236,,,,,,,,,102
,9001,SZ20150202900113183,20150202,40000,股票买入,113008,电气转债,,,100271236,,,,,440,44000,0,0,0,0,0,0,-44000,,,,,,,,,,,,,100271236,,,,,,,,,101
